Class,Predicates,Total_Branches,Covered_Branches,Total_Methods,Branchless_Methods,Covered_Methods,Covered_Branchless_Methods,Total_Goals,Covered_Goals,Statements_Executed,Coverage,BranchCoverage,NumberOfGeneratedTestCases,DefUseCoverage,WeakMutationScore,Creation_Time,Minimization_Time,Total_Time,Test_Execution_Time,Goal_Computation_Time,Result_Size,Result_Length,Minimized_Size,Minimized_Length,Chromosome_Length,Population_Size,Random_Seed,Budget,AllPermission,SecurityPermission,UnresolvedPermission,AWTPermission,FilePermission,SerializablePermission,ReflectPermission,RuntimePermission,NetPermission,SocketPermission,SQLPermission,PropertyPermission,LoggingPermission,SSLPermission,AuthPermission,AudioPermission,OtherPermission,Threads,Branches,MutationScore,Explicit_MethodExceptions,Explicit_TypeExceptions,Implicit_MethodExceptions,Implicit_TypeExceptions,Error_Predicates,Error_Branches_Covered,Error_Branchless_Methods,Error_Branchless_Methods_Covered,AssertionContract,EqualsContract,EqualsHashcodeContract,EqualsNullContract,EqualsSymmetricContract,HashCodeReturnsNormallyContract,JCrasherExceptionContract,NullPointerExceptionContract,ToStringReturnsNormallyContract,UndeclaredExceptionContract,Contract_Violations,Unique_Violations,Data_File,Definitions,Uses,DefUsePairs,IntraMethodPairs,InterMethodPairs,IntraClassPairs,ParameterPairs,AliasingIntraMethodPairs,AliasingInterMethodPairs,AliasingIntraClassPairs,AliasingParameterPairs,CoveredIntraMethodPairs,CoveredInterMethodPairs,CoveredIntraClassPairs,CoveredParameterPairs,CoveredAliasIntraMethodPairs,CoveredAliasInterMethodPairs,CoveredAliasIntraClassPairs,CoveredAliasParameterPairs,CoverageTimeline_T1,CoverageTimeline_T2,CoverageTimeline_T3,CoverageTimeline_T4,CoverageTimeline_T5,CoverageTimeline_T6,CoverageTimeline_T7,CoverageTimeline_T8,CoverageTimeline_T9,CoverageTimeline_T10
br.com.jnfe.base.CRT,0,0,0,1,1,1,1,1,1,1983,1.0,1.0,1,,,2129,200,1929,746,0,2,22,1,2,40,50,1398636493640,60,0,0,0,0,0,0,0,0,0,0,0,0,0,0,0,0,0,3,1,0.25,0,0,0,0,0,0,0,0,0,0,0,0,0,0,0,0,0,0,0,0,/home/jeshkracht/evosuite-report/data/statistics_br.com.jnfe.base.CRT-0.csv.gz,0,0,0,0,0,0,0,0,0,0,0,0,0,0,0,0,0,0,0,1.0,1.0,1.0,1.0,1.0,1.0,1.0,1.0,1.0,1.0
br.com.jnfe.base.CST_COFINS,2,4,4,5,4,5,4,8,8,5713,1.0,1.0,6,,,6568,838,5730,1656,0,3,39,6,12,40,50,1398636550341,60,0,0,0,0,0,0,0,0,0,0,0,0,0,0,0,0,0,3,11111111,0.475,0,0,0,0,0,0,0,0,0,0,0,0,0,0,0,0,0,0,0,0,/home/jeshkracht/evosuite-report/data/statistics_br.com.jnfe.base.CST_COFINS-0.csv.gz,0,0,0,0,0,0,0,0,0,0,0,0,0,0,0,0,0,0,0,1.0,1.0,1.0,1.0,1.0,1.0,1.0,1.0,1.0,1.0
br.com.jnfe.base.CST_Grupo,2,4,4,5,4,5,4,8,8,8371,1.0,1.0,6,,,9564,1293,8271,2226,0,4,99,6,12,40,50,1398636617432,60,0,0,0,0,0,0,0,0,0,0,0,0,0,0,0,0,0,3,11111111,0.38,0,0,0,0,0,0,0,0,0,0,0,0,0,0,0,0,0,0,0,0,/home/jeshkracht/evosuite-report/data/statistics_br.com.jnfe.base.CST_Grupo-0.csv.gz,0,0,0,0,0,0,0,0,0,0,0,0,0,0,0,0,0,0,0,1.0,1.0,1.0,1.0,1.0,1.0,1.0,1.0,1.0,1.0
br.com.jnfe.base.CST_IPI,0,0,0,4,4,4,4,4,4,2611,1.0,1.0,4,,,4767,2071,2696,862,0,3,48,4,8,40,50,1398636692445,60,0,0,0,0,0,0,0,0,0,0,0,0,0,0,0,0,0,3,1111,0.21428571428571427,0,0,0,0,0,0,0,0,0,0,0,0,0,0,0,0,0,0,0,0,/home/jeshkracht/evosuite-report/data/statistics_br.com.jnfe.base.CST_IPI-0.csv.gz,0,0,0,0,0,0,0,0,0,0,0,0,0,0,0,0,0,0,0,1.0,1.0,1.0,1.0,1.0,1.0,1.0,1.0,1.0,1.0
br.com.jnfe.base.CST_PIS,2,4,4,5,4,5,4,8,8,24829,1.0,1.0,6,,,20890,217,20673,7772,0,2,13,6,12,40,50,1398636749986,60,0,0,0,0,0,0,0,0,0,0,0,0,0,0,0,0,0,3,11111111,0.425,0,0,0,0,0,0,0,0,0,0,0,0,0,0,0,0,0,0,0,0,/home/jeshkracht/evosuite-report/data/statistics_br.com.jnfe.base.CST_PIS-0.csv.gz,0,0,0,0,0,0,0,0,0,0,0,0,0,0,0,0,0,0,0,1.0,1.0,1.0,1.0,1.0,1.0,1.0,1.0,1.0,1.0
br.com.jnfe.base.CStat,0,0,0,3,3,3,3,3,3,2434,1.0,1.0,3,,,10502,2734,7768,693,0,1,26,3,6,40,50,1398636835434,60,0,0,0,0,0,0,0,0,0,0,0,0,0,0,0,0,0,3,111,0.75,0,0,0,0,0,0,0,0,0,0,0,0,0,0,0,0,0,0,0,0,/home/jeshkracht/evosuite-report/data/statistics_br.com.jnfe.base.CStat-0.csv.gz,0,0,0,0,0,0,0,0,0,0,0,0,0,0,0,0,0,0,0,1.0,1.0,1.0,1.0,1.0,1.0,1.0,1.0,1.0,1.0
br.com.jnfe.base.C_ICMS,0,0,0,7,7,7,7,7,7,3058,1.0,1.0,6,,,5528,929,4599,928,0,2,19,6,12,40,50,1398636898907,60,0,0,0,0,0,0,0,0,0,0,0,0,0,0,0,0,0,3,1111111,0.38461538461538464,0,0,0,0,0,0,0,0,0,0,0,0,0,0,0,0,0,0,0,0,/home/jeshkracht/evosuite-report/data/statistics_br.com.jnfe.base.C_ICMS-0.csv.gz,0,0,0,0,0,0,0,0,0,0,0,0,0,0,0,0,0,0,0,1.0,1.0,1.0,1.0,1.0,1.0,1.0,1.0,1.0,1.0
br.com.jnfe.base.ConsReciNFe,0,0,0,7,7,7,7,7,7,6090,1.0,1.0,6,,,3412,788,2624,1068,0,3,47,6,12,40,50,1398636958051,60,0,0,0,0,0,0,0,0,0,0,0,0,0,0,0,0,0,3,1111111,0.0,0,0,0,0,0,0,0,0,0,0,0,0,0,0,0,0,0,0,0,0,/home/jeshkracht/evosuite-report/data/statistics_br.com.jnfe.base.ConsReciNFe-0.csv.gz,0,0,0,0,0,0,0,0,0,0,0,0,0,0,0,0,0,0,0,1.0,1.0,1.0,1.0,1.0,1.0,1.0,1.0,1.0,1.0
br.com.jnfe.base.ContribICMS,0,0,0,1,1,1,1,1,1,1820,1.0,1.0,1,,,1941,63,1878,533,0,3,36,1,2,40,50,1398637013551,60,0,0,0,0,0,0,0,0,0,0,0,0,0,0,0,0,0,3,1,0.25,0,0,0,0,0,0,0,0,0,0,0,0,0,0,0,0,0,0,0,0,/home/jeshkracht/evosuite-report/data/statistics_br.com.jnfe.base.ContribICMS-0.csv.gz,0,0,0,0,0,0,0,0,0,0,0,0,0,0,0,0,0,0,0,1.0,1.0,1.0,1.0,1.0,1.0,1.0,1.0,1.0,1.0
br.com.jnfe.base.FinNFe,0,0,0,1,1,1,1,1,1,2243,1.0,1.0,1,,,1923,82,1841,522,0,2,13,1,2,40,50,1398637071590,60,0,0,0,0,0,0,0,0,0,0,0,0,0,0,0,0,0,3,1,0.25,0,0,0,0,0,0,0,0,0,0,0,0,0,0,0,0,0,0,0,0,/home/jeshkracht/evosuite-report/data/statistics_br.com.jnfe.base.FinNFe-0.csv.gz,0,0,0,0,0,0,0,0,0,0,0,0,0,0,0,0,0,0,0,1.0,1.0,1.0,1.0,1.0,1.0,1.0,1.0,1.0,1.0
br.com.jnfe.base.IndPag,0,0,0,1,1,1,1,1,1,1967,1.0,1.0,1,,,2209,115,2094,824,0,1,12,1,2,40,50,1398637127494,60,0,0,0,0,0,0,0,0,0,0,0,0,0,0,0,0,0,3,1,0.25,0,0,0,0,0,0,0,0,0,0,0,0,0,0,0,0,0,0,0,0,/home/jeshkracht/evosuite-report/data/statistics_br.com.jnfe.base.IndPag-0.csv.gz,0,0,0,0,0,0,0,0,0,0,0,0,0,0,0,0,0,0,0,1.0,1.0,1.0,1.0,1.0,1.0,1.0,1.0,1.0,1.0
br.com.jnfe.base.IndTot,0,0,0,1,1,1,1,1,1,1801,1.0,1.0,1,,,1776,41,1735,446,0,1,4,1,2,40,50,1398637181451,60,0,0,0,0,0,0,0,0,0,0,0,0,0,0,0,0,0,3,1,0.2857142857142857,0,0,0,0,0,0,0,0,0,0,0,0,0,0,0,0,0,0,0,0,/home/jeshkracht/evosuite-report/data/statistics_br.com.jnfe.base.IndTot-0.csv.gz,0,0,0,0,0,0,0,0,0,0,0,0,0,0,0,0,0,0,0,1.0,1.0,1.0,1.0,1.0,1.0,1.0,1.0,1.0,1.0
br.com.jnfe.base.ModBC,0,0,0,1,1,1,1,1,1,2375,1.0,1.0,1,,,2325,52,2273,930,0,1,2,1,2,40,50,1398637234911,60,0,0,0,0,0,0,0,0,0,0,0,0,0,0,0,0,0,3,1,0.25,0,0,0,0,0,0,0,0,0,0,0,0,0,0,0,0,0,0,0,0,/home/jeshkracht/evosuite-report/data/statistics_br.com.jnfe.base.ModBC-0.csv.gz,0,0,0,0,0,0,0,0,0,0,0,0,0,0,0,0,0,0,0,1.0,1.0,1.0,1.0,1.0,1.0,1.0,1.0,1.0,1.0
br.com.jnfe.base.ModBCST,0,0,0,1,1,1,1,1,1,2650,1.0,1.0,1,,,2542,80,2462,882,0,2,8,1,2,40,50,1398637289073,60,0,0,0,0,0,0,0,0,0,0,0,0,0,0,0,0,0,3,1,0.25,0,0,0,0,0,0,0,0,0,0,0,0,0,0,0,0,0,0,0,0,/home/jeshkracht/evosuite-report/data/statistics_br.com.jnfe.base.ModBCST-0.csv.gz,0,0,0,0,0,0,0,0,0,0,0,0,0,0,0,0,0,0,0,1.0,1.0,1.0,1.0,1.0,1.0,1.0,1.0,1.0,1.0
br.com.jnfe.base.ModFrete,0,0,0,1,1,1,1,1,1,1801,1.0,1.0,1,,,1837,94,1743,673,0,2,10,1,2,40,50,1398637344625,60,0,0,0,0,0,0,0,0,0,0,0,0,0,0,0,0,0,3,1,0.25,0,0,0,0,0,0,0,0,0,0,0,0,0,0,0,0,0,0,0,0,/home/jeshkracht/evosuite-report/data/statistics_br.com.jnfe.base.ModFrete-0.csv.gz,0,0,0,0,0,0,0,0,0,0,0,0,0,0,0,0,0,0,0,1.0,1.0,1.0,1.0,1.0,1.0,1.0,1.0,1.0,1.0
br.com.jnfe.base.ModeloNFe,0,0,0,1,1,1,1,1,1,2112,1.0,1.0,1,,,2412,176,2236,747,0,1,17,1,2,40,50,1398637400062,60,0,0,0,0,0,0,0,0,0,0,0,0,0,0,0,0,0,3,1,0.6666666666666666,0,0,0,0,0,0,0,0,0,0,0,0,0,0,0,0,0,0,0,0,/home/jeshkracht/evosuite-report/data/statistics_br.com.jnfe.base.ModeloNFe-0.csv.gz,0,0,0,0,0,0,0,0,0,0,0,0,0,0,0,0,0,0,0,1.0,1.0,1.0,1.0,1.0,1.0,1.0,1.0,1.0,1.0
br.com.jnfe.base.MotDesICMS,0,0,0,1,1,1,1,1,1,2496,1.0,1.0,1,,,2335,160,2175,573,0,2,17,1,2,40,50,1398637454865,60,0,0,0,0,0,0,0,0,0,0,0,0,0,0,0,0,0,3,1,0.25,0,0,0,0,0,0,0,0,0,0,0,0,0,0,0,0,0,0,0,0,/home/jeshkracht/evosuite-report/data/statistics_br.com.jnfe.base.MotDesICMS-0.csv.gz,0,0,0,0,0,0,0,0,0,0,0,0,0,0,0,0,0,0,0,1.0,1.0,1.0,1.0,1.0,1.0,1.0,1.0,1.0,1.0
br.com.jnfe.base.Orig,0,0,0,3,3,3,3,3,3,2167,1.0,1.0,3,,,2378,242,2136,816,0,3,26,3,6,40,50,1398637509434,60,0,0,0,0,0,0,0,0,0,0,0,0,0,0,0,0,0,3,111,0.2,0,0,0,0,0,0,0,0,0,0,0,0,0,0,0,0,0,0,0,0,/home/jeshkracht/evosuite-report/data/statistics_br.com.jnfe.base.Orig-0.csv.gz,0,0,0,0,0,0,0,0,0,0,0,0,0,0,0,0,0,0,0,1.0,1.0,1.0,1.0,1.0,1.0,1.0,1.0,1.0,1.0
br.com.jnfe.base.ProcEmi,0,0,0,1,1,1,1,1,1,1871,1.0,1.0,1,,,1946,147,1799,662,0,1,14,1,2,40,50,1398637563881,60,0,0,0,0,0,0,0,0,0,0,0,0,0,0,0,0,0,3,1,0.25,0,0,0,0,0,0,0,0,0,0,0,0,0,0,0,0,0,0,0,0,/home/jeshkracht/evosuite-report/data/statistics_br.com.jnfe.base.ProcEmi-0.csv.gz,0,0,0,0,0,0,0,0,0,0,0,0,0,0,0,0,0,0,0,1.0,1.0,1.0,1.0,1.0,1.0,1.0,1.0,1.0,1.0
br.com.jnfe.base.RegimeEspecialTributario,0,0,0,1,1,1,1,1,1,2533,1.0,1.0,1,,,2147,193,1954,556,0,1,20,1,2,40,50,1398637619991,60,0,0,0,0,0,0,0,0,0,0,0,0,0,0,0,0,0,3,1,0.25,0,0,0,0,0,0,0,0,0,0,0,0,0,0,0,0,0,0,0,0,/home/jeshkracht/evosuite-report/data/statistics_br.com.jnfe.base.RegimeEspecialTributario-0.csv.gz,0,0,0,0,0,0,0,0,0,0,0,0,0,0,0,0,0,0,0,1.0,1.0,1.0,1.0,1.0,1.0,1.0,1.0,1.0,1.0
br.com.jnfe.base.SitNFe,0,0,0,3,3,3,3,3,3,2393,1.0,1.0,3,,,2519,322,2197,800,0,2,16,3,6,40,50,1398637674527,60,0,0,0,0,0,0,0,0,0,0,0,0,0,0,0,0,0,3,111,0.0625,0,0,0,0,0,0,0,0,0,0,0,0,0,0,0,0,0,0,0,0,/home/jeshkracht/evosuite-report/data/statistics_br.com.jnfe.base.SitNFe-0.csv.gz,0,0,0,0,0,0,0,0,0,0,0,0,0,0,0,0,0,0,0,1.0,1.0,1.0,1.0,1.0,1.0,1.0,1.0,1.0,1.0
br.com.jnfe.base.TProvince,0,0,0,6,6,6,6,6,6,5673,1.0,1.0,3,,,2635,346,2289,1069,0,1,21,3,6,40,50,1398637729543,60,0,0,0,0,0,0,0,0,0,0,0,0,0,0,0,0,0,3,111111,0.6923076923076923,0,0,0,0,0,0,0,0,0,0,0,0,0,0,0,0,0,0,0,0,/home/jeshkracht/evosuite-report/data/statistics_br.com.jnfe.base.TProvince-0.csv.gz,0,0,0,0,0,0,0,0,0,0,0,0,0,0,0,0,0,0,0,1.0,1.0,1.0,1.0,1.0,1.0,1.0,1.0,1.0,1.0
br.com.jnfe.base.TUFs,1,2,2,2,1,2,1,3,3,5789,1.0,1.0,1,,,2080,351,1729,1126,0,1,28,1,3,40,50,1398637783953,60,0,0,0,0,0,0,0,0,0,0,0,0,0,0,0,0,0,3,111,1.0,0,0,0,0,0,0,0,0,0,0,0,0,0,0,0,0,0,0,0,0,/home/jeshkracht/evosuite-report/data/statistics_br.com.jnfe.base.TUFs-0.csv.gz,0,0,0,0,0,0,0,0,0,0,0,0,0,0,0,0,0,0,0,1.0,1.0,1.0,1.0,1.0,1.0,1.0,1.0,1.0,1.0
br.com.jnfe.base.TpAmb,0,0,0,2,2,2,2,2,2,1245,1.0,1.0,2,,,2286,267,2019,615,0,1,14,2,4,40,50,1398637838492,60,0,0,0,0,0,0,0,0,0,0,0,0,0,0,0,0,0,3,11,0.5,0,0,0,0,0,0,0,0,0,0,0,0,0,0,0,0,0,0,0,0,/home/jeshkracht/evosuite-report/data/statistics_br.com.jnfe.base.TpAmb-0.csv.gz,0,0,0,0,0,0,0,0,0,0,0,0,0,0,0,0,0,0,0,1.0,1.0,1.0,1.0,1.0,1.0,1.0,1.0,1.0,1.0
br.com.jnfe.base.TpDet,0,0,0,2,2,2,2,2,2,2034,1.0,1.0,2,,,2070,340,1730,510,0,2,47,2,4,40,50,1398637893616,60,0,0,0,0,0,0,0,0,0,0,0,0,0,0,0,0,0,3,11,0.3333333333333333,0,0,0,0,0,0,0,0,0,0,0,0,0,0,0,0,0,0,0,0,/home/jeshkracht/evosuite-report/data/statistics_br.com.jnfe.base.TpDet-0.csv.gz,0,0,0,0,0,0,0,0,0,0,0,0,0,0,0,0,0,0,0,1.0,1.0,1.0,1.0,1.0,1.0,1.0,1.0,1.0,1.0
br.com.jnfe.base.TpEmis,0,0,0,1,1,1,1,1,1,2784,1.0,1.0,1,,,2946,337,2609,964,0,1,35,1,2,40,50,1398637948048,60,0,0,0,0,0,0,0,0,0,0,0,0,0,0,0,0,0,3,1,0.25,0,0,0,0,0,0,0,0,0,0,0,0,0,0,0,0,0,0,0,0,/home/jeshkracht/evosuite-report/data/statistics_br.com.jnfe.base.TpEmis-0.csv.gz,0,0,0,0,0,0,0,0,0,0,0,0,0,0,0,0,0,0,0,1.0,1.0,1.0,1.0,1.0,1.0,1.0,1.0,1.0,1.0
br.com.jnfe.base.TpImp,0,0,0,1,1,1,1,1,1,1816,1.0,1.0,1,,,2131,143,1988,774,0,2,19,1,2,40,50,1398638003586,60,0,0,0,0,0,0,0,0,0,0,0,0,0,0,0,0,0,3,1,0.25,0,0,0,0,0,0,0,0,0,0,0,0,0,0,0,0,0,0,0,0,/home/jeshkracht/evosuite-report/data/statistics_br.com.jnfe.base.TpImp-0.csv.gz,0,0,0,0,0,0,0,0,0,0,0,0,0,0,0,0,0,0,0,1.0,1.0,1.0,1.0,1.0,1.0,1.0,1.0,1.0,1.0
br.com.jnfe.base.TpNF,0,0,0,1,1,1,1,1,1,1667,1.0,1.0,1,,,2048,340,1708,499,0,1,37,1,2,40,50,1398638057671,60,0,0,0,0,0,0,0,0,0,0,0,0,0,0,0,0,0,3,1,0.25,0,0,0,0,0,0,0,0,0,0,0,0,0,0,0,0,0,0,0,0,/home/jeshkracht/evosuite-report/data/statistics_br.com.jnfe.base.TpNF-0.csv.gz,0,0,0,0,0,0,0,0,0,0,0,0,0,0,0,0,0,0,0,1.0,1.0,1.0,1.0,1.0,1.0,1.0,1.0,1.0,1.0
br.com.jnfe.base.TpObsNFe,0,0,0,1,1,1,1,1,1,2020,1.0,1.0,1,,,1946,63,1883,553,0,1,4,1,2,40,50,1398638112066,60,0,0,0,0,0,0,0,0,0,0,0,0,0,0,0,0,0,3,1,0.25,0,0,0,0,0,0,0,0,0,0,0,0,0,0,0,0,0,0,0,0,/home/jeshkracht/evosuite-report/data/statistics_br.com.jnfe.base.TpObsNFe-0.csv.gz,0,0,0,0,0,0,0,0,0,0,0,0,0,0,0,0,0,0,0,1.0,1.0,1.0,1.0,1.0,1.0,1.0,1.0,1.0,1.0
br.com.jnfe.base.TpSerie,3,6,6,3,2,4,2,8,8,1774,1.0,1.0,2,,,2299,312,1987,637,0,4,79,2,2,40,50,1398638165982,60,0,0,0,0,0,0,0,0,0,0,0,0,0,0,0,0,0,3,11111111,0.20270270270270271,1,1,0,0,0,0,0,0,0,0,0,0,0,0,0,0,0,0,0,0,/home/jeshkracht/evosuite-report/data/statistics_br.com.jnfe.base.TpSerie-0.csv.gz,0,0,0,0,0,0,0,0,0,0,0,0,0,0,0,0,0,0,0,1.0,1.0,1.0,1.0,1.0,1.0,1.0,1.0,1.0,1.0
br.com.jnfe.base.TpServico,0,0,0,2,2,2,2,2,2,2531,1.0,1.0,2,,,2511,163,2348,781,0,3,18,2,4,40,50,1398638245529,60,0,0,0,0,0,0,0,0,0,0,0,0,0,0,0,0,0,3,11,0.4,0,0,0,0,0,0,0,0,0,0,0,0,0,0,0,0,0,0,0,0,/home/jeshkracht/evosuite-report/data/statistics_br.com.jnfe.base.TpServico-0.csv.gz,0,0,0,0,0,0,0,0,0,0,0,0,0,0,0,0,0,0,0,1.0,1.0,1.0,1.0,1.0,1.0,1.0,1.0,1.0,1.0
br.com.jnfe.base.TpVeiculo,0,0,0,1,1,1,1,1,1,1560,1.0,1.0,1,,,1923,127,1796,686,0,1,12,1,2,40,50,1398638300515,60,0,0,0,0,0,0,0,0,0,0,0,0,0,0,0,0,0,3,1,0.25,0,0,0,0,0,0,0,0,0,0,0,0,0,0,0,0,0,0,0,0,/home/jeshkracht/evosuite-report/data/statistics_br.com.jnfe.base.TpVeiculo-0.csv.gz,0,0,0,0,0,0,0,0,0,0,0,0,0,0,0,0,0,0,0,1.0,1.0,1.0,1.0,1.0,1.0,1.0,1.0,1.0,1.0
br.com.jnfe.base.UF,2,4,4,3,2,4,2,6,6,2361,1.0,1.0,3,,,6353,1383,4970,1091,0,4,59,3,4,40,50,1398638359036,60,0,0,0,0,0,0,0,0,0,0,0,0,0,0,0,0,0,3,111111,0.37037037037037035,0,0,0,0,0,0,0,0,0,0,0,0,0,0,0,0,0,0,0,0,/home/jeshkracht/evosuite-report/data/statistics_br.com.jnfe.base.UF-0.csv.gz,0,0,0,0,0,0,0,0,0,0,0,0,0,0,0,0,0,0,0,1.0,1.0,1.0,1.0,1.0,1.0,1.0,1.0,1.0,1.0
br.com.jnfe.base.adapter.AbstractNFeAdapter,0,0,0,2,2,0,0,2,0,0,0.0,0.0,0,,,61047,46,61001,687,0,6,0,0,0,40,50,1398638436073,60,0,0,0,0,0,0,0,0,0,0,0,0,0,0,0,0,0,3,00,1.0,0,0,0,0,0,0,0,0,0,0,0,0,0,0,0,0,0,0,0,0,/home/jeshkracht/evosuite-report/data/statistics_br.com.jnfe.base.adapter.AbstractNFeAdapter-0.csv.gz,0,0,0,0,0,0,0,0,0,0,0,0,0,0,0,0,0,0,0,0.0,0.0,0.0,0.0,0.0,0.0,0.0,0.0,0.0,0.0
br.com.jnfe.base.adapter.dom.AbstractNFeDOMAdapter,0,0,0,4,4,0,0,4,0,0,0.0,0.0,0,,,61067,61,61006,592,0,5,0,0,0,40,50,1398638547060,60,0,0,0,0,0,0,0,0,0,0,0,0,0,0,0,0,0,3,0000,1.0,0,0,0,0,0,0,0,0,0,0,0,0,0,0,0,0,0,0,0,0,/home/jeshkracht/evosuite-report/data/statistics_br.com.jnfe.base.adapter.dom.AbstractNFeDOMAdapter-0.csv.gz,0,0,0,0,0,0,0,0,0,0,0,0,0,0,0,0,0,0,0,0.0,0.0,0.0,0.0,0.0,0.0,0.0,0.0,0.0,0.0
br.com.jnfe.base.service.DOMNFeKeyInfoBuilder,0,0,0,3,3,3,3,3,3,1586,1.0,1.0,2,,,2970,306,2664,1064,0,2,49,2,5,40,50,1398638673992,60,0,0,0,0,0,0,0,0,0,8,0,0,0,0,0,0,0,3,111,0.0,0,0,1,1,0,0,0,0,0,0,0,0,0,0,0,0,0,0,0,0,/home/jeshkracht/evosuite-report/data/statistics_br.com.jnfe.base.service.DOMNFeKeyInfoBuilder-0.csv.gz,0,0,0,0,0,0,0,0,0,0,0,0,0,0,0,0,0,0,0,1.0,1.0,1.0,1.0,1.0,1.0,1.0,1.0,1.0,1.0
br.com.jnfe.base.service.DOMNFeSignatureHandler,3,6,4,6,5,5,4,11,8,34860,0.7272727272727273,0.7272727272727273,4,,,61073,74,60999,8402,0,2,16,4,12,40,50,1398638740436,60,0,0,0,0,0,0,0,0,0,8,0,0,0,0,0,0,0,3,01111011101,0.0,0,0,1,1,0,0,0,0,0,0,0,0,0,0,0,0,0,0,0,0,/home/jeshkracht/evosuite-report/data/statistics_br.com.jnfe.base.service.DOMNFeSignatureHandler-0.csv.gz,0,0,0,0,0,0,0,0,0,0,0,0,0,0,0,0,0,0,0,0.7272727272727273,0.7272727272727273,0.7272727272727273,0.7272727272727273,0.7272727272727273,0.7272727272727273,0.7272727272727273,0.7272727272727273,0.7272727272727273,0.7272727272727273
br.com.jnfe.base.service.NFeCalculatorImpl,7,14,4,9,4,6,4,18,8,28396,0.4444444444444444,0.4444444444444444,6,,,61184,171,61013,10784,0,7,36,6,15,40,50,1398638860020,60,0,0,0,0,0,0,0,0,0,8,0,0,0,0,0,0,0,3,111111110000000000,0.0375,1,1,2,1,0,0,0,0,0,0,0,0,0,0,0,0,0,0,0,0,/home/jeshkracht/evosuite-report/data/statistics_br.com.jnfe.base.service.NFeCalculatorImpl-0.csv.gz,0,0,0,0,0,0,0,0,0,0,0,0,0,0,0,0,0,0,0,0.4444444444444444,0.4444444444444444,0.4444444444444444,0.4444444444444444,0.4444444444444444,0.4444444444444444,0.4444444444444444,0.4444444444444444,0.4444444444444444,0.4444444444444444
