Class,Predicates,Total_Branches,Covered_Branches,Total_Methods,Branchless_Methods,Covered_Methods,Covered_Branchless_Methods,Total_Goals,Covered_Goals,Statements_Executed,Coverage,BranchCoverage,NumberOfGeneratedTestCases,DefUseCoverage,WeakMutationScore,Creation_Time,Minimization_Time,Total_Time,Test_Execution_Time,Goal_Computation_Time,Result_Size,Result_Length,Minimized_Size,Minimized_Length,Chromosome_Length,Population_Size,Random_Seed,Budget,AllPermission,SecurityPermission,UnresolvedPermission,AWTPermission,FilePermission,SerializablePermission,ReflectPermission,RuntimePermission,NetPermission,SocketPermission,SQLPermission,PropertyPermission,LoggingPermission,SSLPermission,AuthPermission,AudioPermission,OtherPermission,Threads,Branches,MutationScore,Explicit_MethodExceptions,Explicit_TypeExceptions,Implicit_MethodExceptions,Implicit_TypeExceptions,Error_Predicates,Error_Branches_Covered,Error_Branchless_Methods,Error_Branchless_Methods_Covered,AssertionContract,EqualsContract,EqualsHashcodeContract,EqualsNullContract,EqualsSymmetricContract,HashCodeReturnsNormallyContract,JCrasherExceptionContract,NullPointerExceptionContract,ToStringReturnsNormallyContract,UndeclaredExceptionContract,Contract_Violations,Unique_Violations,Data_File,Definitions,Uses,DefUsePairs,IntraMethodPairs,InterMethodPairs,IntraClassPairs,ParameterPairs,AliasingIntraMethodPairs,AliasingInterMethodPairs,AliasingIntraClassPairs,AliasingParameterPairs,CoveredIntraMethodPairs,CoveredInterMethodPairs,CoveredIntraClassPairs,CoveredParameterPairs,CoveredAliasIntraMethodPairs,CoveredAliasInterMethodPairs,CoveredAliasIntraClassPairs,CoveredAliasParameterPairs,CoverageTimeline_T1,CoverageTimeline_T2,CoverageTimeline_T3,CoverageTimeline_T4,CoverageTimeline_T5,CoverageTimeline_T6,CoverageTimeline_T7,CoverageTimeline_T8,CoverageTimeline_T9,CoverageTimeline_T10
br.com.jnfe.base.CRT,0,0,0,1,1,1,1,1,1,2257,1.0,1.0,1,,,2192,191,2001,735,0,1,20,1,2,40,50,1398634002115,60,0,0,0,0,0,0,0,0,0,0,0,0,0,0,0,0,0,3,1,0.25,0,0,0,0,0,0,0,0,0,0,0,0,0,0,0,0,0,0,0,0,/home/jeshkracht/evosuite-report/data/statistics_br.com.jnfe.base.CRT-0.csv.gz,0,0,0,0,0,0,0,0,0,0,0,0,0,0,0,0,0,0,0,1.0,1.0,1.0,1.0,1.0,1.0,1.0,1.0,1.0,1.0
br.com.jnfe.base.CST_COFINS,2,4,4,5,4,5,4,8,8,6080,1.0,1.0,6,,,7433,1337,6096,1838,0,4,70,6,12,40,50,1398634058426,60,0,0,0,0,0,0,0,0,0,0,0,0,0,0,0,0,0,3,11111111,0.4,0,0,0,0,0,0,0,0,0,0,0,0,0,0,0,0,0,0,0,0,/home/jeshkracht/evosuite-report/data/statistics_br.com.jnfe.base.CST_COFINS-0.csv.gz,0,0,0,0,0,0,0,0,0,0,0,0,0,0,0,0,0,0,0,1.0,1.0,1.0,1.0,1.0,1.0,1.0,1.0,1.0,1.0
br.com.jnfe.base.CST_Grupo,2,4,4,5,4,5,4,8,8,2793,1.0,1.0,6,,,4916,1566,3350,942,0,6,140,6,12,40,50,1398634133514,60,0,0,0,0,0,0,0,0,0,0,0,0,0,0,0,0,0,3,11111111,0.32,0,0,0,0,0,0,0,0,0,0,0,0,0,0,0,0,0,0,0,0,/home/jeshkracht/evosuite-report/data/statistics_br.com.jnfe.base.CST_Grupo-0.csv.gz,0,0,0,0,0,0,0,0,0,0,0,0,0,0,0,0,0,0,0,1.0,1.0,1.0,1.0,1.0,1.0,1.0,1.0,1.0,1.0
br.com.jnfe.base.CST_IPI,0,0,0,4,4,4,4,4,4,2939,1.0,1.0,4,,,3280,447,2833,970,0,3,30,4,8,40,50,1398634206072,60,0,0,0,0,0,0,0,0,0,0,0,0,0,0,0,0,0,3,1111,0.35714285714285715,0,0,0,0,0,0,0,0,0,0,0,0,0,0,0,0,0,0,0,0,/home/jeshkracht/evosuite-report/data/statistics_br.com.jnfe.base.CST_IPI-0.csv.gz,0,0,0,0,0,0,0,0,0,0,0,0,0,0,0,0,0,0,0,1.0,1.0,1.0,1.0,1.0,1.0,1.0,1.0,1.0,1.0
br.com.jnfe.base.CST_PIS,2,4,4,5,4,5,4,8,8,2781,1.0,1.0,6,,,3770,911,2859,892,0,8,159,6,12,40,50,1398634261999,60,0,0,0,0,0,0,0,0,0,0,0,0,0,0,0,0,0,3,11111111,0.4,0,0,0,0,0,0,0,0,0,0,0,0,0,0,0,0,0,0,0,0,/home/jeshkracht/evosuite-report/data/statistics_br.com.jnfe.base.CST_PIS-0.csv.gz,0,0,0,0,0,0,0,0,0,0,0,0,0,0,0,0,0,0,0,1.0,1.0,1.0,1.0,1.0,1.0,1.0,1.0,1.0,1.0
br.com.jnfe.base.CStat,0,0,0,3,3,3,3,3,3,2690,1.0,1.0,3,,,11429,2394,9035,553,0,1,26,3,6,40,50,1398634330348,60,0,0,0,0,0,0,0,0,0,0,0,0,0,0,0,0,0,3,111,0.75,0,0,0,0,0,0,0,0,0,0,0,0,0,0,0,0,0,0,0,0,/home/jeshkracht/evosuite-report/data/statistics_br.com.jnfe.base.CStat-0.csv.gz,0,0,0,0,0,0,0,0,0,0,0,0,0,0,0,0,0,0,0,1.0,1.0,1.0,1.0,1.0,1.0,1.0,1.0,1.0,1.0
br.com.jnfe.base.C_ICMS,0,0,0,7,7,7,7,7,7,2610,1.0,1.0,6,,,5191,1452,3739,803,0,6,66,6,12,40,50,1398634394977,60,0,0,0,0,0,0,0,0,0,0,0,0,0,0,0,0,0,3,1111111,0.46153846153846156,0,0,0,0,0,0,0,0,0,0,0,0,0,0,0,0,0,0,0,0,/home/jeshkracht/evosuite-report/data/statistics_br.com.jnfe.base.C_ICMS-0.csv.gz,0,0,0,0,0,0,0,0,0,0,0,0,0,0,0,0,0,0,0,1.0,1.0,1.0,1.0,1.0,1.0,1.0,1.0,1.0,1.0
br.com.jnfe.base.ConsReciNFe,0,0,0,7,7,7,7,7,7,5422,1.0,1.0,6,,,3199,849,2350,951,0,1,27,6,12,40,50,1398634453528,60,0,0,0,0,0,0,0,0,0,0,0,0,0,0,0,0,0,3,1111111,0.0,0,0,0,0,0,0,0,0,0,0,0,0,0,0,0,0,0,0,0,0,/home/jeshkracht/evosuite-report/data/statistics_br.com.jnfe.base.ConsReciNFe-0.csv.gz,0,0,0,0,0,0,0,0,0,0,0,0,0,0,0,0,0,0,0,1.0,1.0,1.0,1.0,1.0,1.0,1.0,1.0,1.0,1.0
br.com.jnfe.base.ContribICMS,0,0,0,1,1,1,1,1,1,1917,1.0,1.0,1,,,2074,159,1915,770,0,2,16,1,2,40,50,1398634508945,60,0,0,0,0,0,0,0,0,0,0,0,0,0,0,0,0,0,3,1,0.25,0,0,0,0,0,0,0,0,0,0,0,0,0,0,0,0,0,0,0,0,/home/jeshkracht/evosuite-report/data/statistics_br.com.jnfe.base.ContribICMS-0.csv.gz,0,0,0,0,0,0,0,0,0,0,0,0,0,0,0,0,0,0,0,1.0,1.0,1.0,1.0,1.0,1.0,1.0,1.0,1.0,1.0
br.com.jnfe.base.FinNFe,0,0,0,1,1,1,1,1,1,1938,1.0,1.0,1,,,1992,174,1818,533,0,2,20,1,2,40,50,1398634567480,60,0,0,0,0,0,0,0,0,0,0,0,0,0,0,0,0,0,3,1,0.25,0,0,0,0,0,0,0,0,0,0,0,0,0,0,0,0,0,0,0,0,/home/jeshkracht/evosuite-report/data/statistics_br.com.jnfe.base.FinNFe-0.csv.gz,0,0,0,0,0,0,0,0,0,0,0,0,0,0,0,0,0,0,0,1.0,1.0,1.0,1.0,1.0,1.0,1.0,1.0,1.0,1.0
br.com.jnfe.base.IndPag,0,0,0,1,1,1,1,1,1,2066,1.0,1.0,1,,,2014,162,1852,477,0,1,18,1,2,40,50,1398634623363,60,0,0,0,0,0,0,0,0,0,0,0,0,0,0,0,0,0,3,1,0.25,0,0,0,0,0,0,0,0,0,0,0,0,0,0,0,0,0,0,0,0,/home/jeshkracht/evosuite-report/data/statistics_br.com.jnfe.base.IndPag-0.csv.gz,0,0,0,0,0,0,0,0,0,0,0,0,0,0,0,0,0,0,0,1.0,1.0,1.0,1.0,1.0,1.0,1.0,1.0,1.0,1.0
br.com.jnfe.base.IndTot,0,0,0,1,1,1,1,1,1,1541,1.0,1.0,1,,,2240,184,2056,715,0,2,24,1,2,40,50,1398634676919,60,0,0,0,0,0,0,0,0,0,0,0,0,0,0,0,0,0,3,1,0.2857142857142857,0,0,0,0,0,0,0,0,0,0,0,0,0,0,0,0,0,0,0,0,/home/jeshkracht/evosuite-report/data/statistics_br.com.jnfe.base.IndTot-0.csv.gz,0,0,0,0,0,0,0,0,0,0,0,0,0,0,0,0,0,0,0,1.0,1.0,1.0,1.0,1.0,1.0,1.0,1.0,1.0,1.0
br.com.jnfe.base.ModBC,0,0,0,1,1,1,1,1,1,2256,1.0,1.0,1,,,1975,148,1827,476,0,1,14,1,2,40,50,1398634730385,60,0,0,0,0,0,0,0,0,0,0,0,0,0,0,0,0,0,3,1,0.25,0,0,0,0,0,0,0,0,0,0,0,0,0,0,0,0,0,0,0,0,/home/jeshkracht/evosuite-report/data/statistics_br.com.jnfe.base.ModBC-0.csv.gz,0,0,0,0,0,0,0,0,0,0,0,0,0,0,0,0,0,0,0,1.0,1.0,1.0,1.0,1.0,1.0,1.0,1.0,1.0,1.0
br.com.jnfe.base.ModBCST,0,0,0,1,1,1,1,1,1,2516,1.0,1.0,1,,,2665,320,2345,899,0,1,35,1,2,40,50,1398634783934,60,0,0,0,0,0,0,0,0,0,0,0,0,0,0,0,0,0,3,1,0.25,0,0,0,0,0,0,0,0,0,0,0,0,0,0,0,0,0,0,0,0,/home/jeshkracht/evosuite-report/data/statistics_br.com.jnfe.base.ModBCST-0.csv.gz,0,0,0,0,0,0,0,0,0,0,0,0,0,0,0,0,0,0,0,1.0,1.0,1.0,1.0,1.0,1.0,1.0,1.0,1.0,1.0
br.com.jnfe.base.ModFrete,0,0,0,1,1,1,1,1,1,2100,1.0,1.0,1,,,1867,80,1787,475,1,1,15,1,2,40,50,1398634839105,60,0,0,0,0,0,0,0,0,0,0,0,0,0,0,0,0,0,3,1,0.25,0,0,0,0,0,0,0,0,0,0,0,0,0,0,0,0,0,0,0,0,/home/jeshkracht/evosuite-report/data/statistics_br.com.jnfe.base.ModFrete-0.csv.gz,0,0,0,0,0,0,0,0,0,0,0,0,0,0,0,0,0,0,0,1.0,1.0,1.0,1.0,1.0,1.0,1.0,1.0,1.0,1.0
br.com.jnfe.base.ModeloNFe,0,0,0,1,1,1,1,1,1,1768,1.0,1.0,1,,,2224,160,2064,712,0,1,17,1,2,40,50,1398634895035,60,0,0,0,0,0,0,0,0,0,0,0,0,0,0,0,0,0,3,1,0.6666666666666666,0,0,0,0,0,0,0,0,0,0,0,0,0,0,0,0,0,0,0,0,/home/jeshkracht/evosuite-report/data/statistics_br.com.jnfe.base.ModeloNFe-0.csv.gz,0,0,0,0,0,0,0,0,0,0,0,0,0,0,0,0,0,0,0,1.0,1.0,1.0,1.0,1.0,1.0,1.0,1.0,1.0,1.0
br.com.jnfe.base.MotDesICMS,0,0,0,1,1,1,1,1,1,2602,1.0,1.0,1,,,2432,219,2213,594,0,3,17,1,2,40,50,1398634950071,60,0,0,0,0,0,0,0,0,0,0,0,0,0,0,0,0,0,3,1,0.25,0,0,0,0,0,0,0,0,0,0,0,0,0,0,0,0,0,0,0,0,/home/jeshkracht/evosuite-report/data/statistics_br.com.jnfe.base.MotDesICMS-0.csv.gz,0,0,0,0,0,0,0,0,0,0,0,0,0,0,0,0,0,0,0,1.0,1.0,1.0,1.0,1.0,1.0,1.0,1.0,1.0,1.0
br.com.jnfe.base.Orig,0,0,0,3,3,3,3,3,3,2170,1.0,1.0,3,,,2668,789,1879,580,0,1,39,3,6,40,50,1398635005067,60,0,0,0,0,0,0,0,0,0,0,0,0,0,0,0,0,0,3,111,0.2,0,0,0,0,0,0,0,0,0,0,0,0,0,0,0,0,0,0,0,0,/home/jeshkracht/evosuite-report/data/statistics_br.com.jnfe.base.Orig-0.csv.gz,0,0,0,0,0,0,0,0,0,0,0,0,0,0,0,0,0,0,0,1.0,1.0,1.0,1.0,1.0,1.0,1.0,1.0,1.0,1.0
br.com.jnfe.base.ProcEmi,0,0,0,1,1,1,1,1,1,2263,1.0,1.0,1,,,2434,149,2285,825,0,2,18,1,2,40,50,1398635060481,60,0,0,0,0,0,0,0,0,0,0,0,0,0,0,0,0,0,3,1,0.25,0,0,0,0,0,0,0,0,0,0,0,0,0,0,0,0,0,0,0,0,/home/jeshkracht/evosuite-report/data/statistics_br.com.jnfe.base.ProcEmi-0.csv.gz,0,0,0,0,0,0,0,0,0,0,0,0,0,0,0,0,0,0,0,1.0,1.0,1.0,1.0,1.0,1.0,1.0,1.0,1.0,1.0
br.com.jnfe.base.RegimeEspecialTributario,0,0,0,1,1,1,1,1,1,2716,1.0,1.0,1,,,2778,182,2596,916,0,2,17,1,2,40,50,1398635116956,60,0,0,0,0,0,0,0,0,0,0,0,0,0,0,0,0,0,3,1,0.25,0,0,0,0,0,0,0,0,0,0,0,0,0,0,0,0,0,0,0,0,/home/jeshkracht/evosuite-report/data/statistics_br.com.jnfe.base.RegimeEspecialTributario-0.csv.gz,0,0,0,0,0,0,0,0,0,0,0,0,0,0,0,0,0,0,0,1.0,1.0,1.0,1.0,1.0,1.0,1.0,1.0,1.0,1.0
br.com.jnfe.base.SitNFe,0,0,0,3,3,3,3,3,3,2680,1.0,1.0,3,,,2843,753,2090,703,0,1,33,3,6,40,50,1398635172104,60,0,0,0,0,0,0,0,0,0,0,0,0,0,0,0,0,0,3,111,0.1875,0,0,0,0,0,0,0,0,0,0,0,0,0,0,0,0,0,0,0,0,/home/jeshkracht/evosuite-report/data/statistics_br.com.jnfe.base.SitNFe-0.csv.gz,0,0,0,0,0,0,0,0,0,0,0,0,0,0,0,0,0,0,0,1.0,1.0,1.0,1.0,1.0,1.0,1.0,1.0,1.0,1.0
br.com.jnfe.base.TProvince,0,0,0,6,6,6,6,6,6,5309,1.0,1.0,3,,,2515,354,2161,983,0,1,22,3,6,40,50,1398635226527,60,0,0,0,0,0,0,0,0,0,0,0,0,0,0,0,0,0,3,111111,0.6923076923076923,0,0,0,0,0,0,0,0,0,0,0,0,0,0,0,0,0,0,0,0,/home/jeshkracht/evosuite-report/data/statistics_br.com.jnfe.base.TProvince-0.csv.gz,0,0,0,0,0,0,0,0,0,0,0,0,0,0,0,0,0,0,0,1.0,1.0,1.0,1.0,1.0,1.0,1.0,1.0,1.0,1.0
br.com.jnfe.base.TUFs,1,2,2,2,1,2,1,3,3,5190,1.0,1.0,1,,,1172,117,1055,530,0,1,14,1,3,40,50,1398635280791,60,0,0,0,0,0,0,0,0,0,0,0,0,0,0,0,0,0,3,111,1.0,0,0,0,0,0,0,0,0,0,0,0,0,0,0,0,0,0,0,0,0,/home/jeshkracht/evosuite-report/data/statistics_br.com.jnfe.base.TUFs-0.csv.gz,0,0,0,0,0,0,0,0,0,0,0,0,0,0,0,0,0,0,0,1.0,1.0,1.0,1.0,1.0,1.0,1.0,1.0,1.0,1.0
br.com.jnfe.base.TpAmb,0,0,0,2,2,2,2,2,2,839,1.0,1.0,2,,,1866,235,1631,456,0,1,13,2,4,40,50,1398635334251,60,0,0,0,0,0,0,0,0,0,0,0,0,0,0,0,0,0,3,11,0.5,0,0,0,0,0,0,0,0,0,0,0,0,0,0,0,0,0,0,0,0,/home/jeshkracht/evosuite-report/data/statistics_br.com.jnfe.base.TpAmb-0.csv.gz,0,0,0,0,0,0,0,0,0,0,0,0,0,0,0,0,0,0,0,1.0,1.0,1.0,1.0,1.0,1.0,1.0,1.0,1.0,1.0
br.com.jnfe.base.TpDet,0,0,0,2,2,2,2,2,2,2115,1.0,1.0,2,,,1749,76,1673,440,0,1,6,2,4,40,50,1398635389250,60,0,0,0,0,0,0,0,0,0,0,0,0,0,0,0,0,0,3,11,0.1111111111111111,0,0,0,0,0,0,0,0,0,0,0,0,0,0,0,0,0,0,0,0,/home/jeshkracht/evosuite-report/data/statistics_br.com.jnfe.base.TpDet-0.csv.gz,0,0,0,0,0,0,0,0,0,0,0,0,0,0,0,0,0,0,0,1.0,1.0,1.0,1.0,1.0,1.0,1.0,1.0,1.0,1.0
br.com.jnfe.base.TpEmis,0,0,0,1,1,1,1,1,1,2524,1.0,1.0,1,,,2557,213,2344,817,0,1,24,1,2,40,50,1398635443467,60,0,0,0,0,0,0,0,0,0,0,0,0,0,0,0,0,0,3,1,0.25,0,0,0,0,0,0,0,0,0,0,0,0,0,0,0,0,0,0,0,0,/home/jeshkracht/evosuite-report/data/statistics_br.com.jnfe.base.TpEmis-0.csv.gz,0,0,0,0,0,0,0,0,0,0,0,0,0,0,0,0,0,0,0,1.0,1.0,1.0,1.0,1.0,1.0,1.0,1.0,1.0,1.0
br.com.jnfe.base.TpImp,0,0,0,1,1,1,1,1,1,1947,1.0,1.0,1,,,2484,210,2274,999,0,1,23,1,2,40,50,1398635498980,60,0,0,0,0,0,0,0,0,0,0,0,0,0,0,0,0,0,3,1,0.25,0,0,0,0,0,0,0,0,0,0,0,0,0,0,0,0,0,0,0,0,/home/jeshkracht/evosuite-report/data/statistics_br.com.jnfe.base.TpImp-0.csv.gz,0,0,0,0,0,0,0,0,0,0,0,0,0,0,0,0,0,0,0,1.0,1.0,1.0,1.0,1.0,1.0,1.0,1.0,1.0,1.0
br.com.jnfe.base.TpNF,0,0,0,1,1,1,1,1,1,2118,1.0,1.0,1,,,2241,141,2100,910,0,1,16,1,2,40,50,1398635553564,60,0,0,0,0,0,0,0,0,0,0,0,0,0,0,0,0,0,3,1,0.25,0,0,0,0,0,0,0,0,0,0,0,0,0,0,0,0,0,0,0,0,/home/jeshkracht/evosuite-report/data/statistics_br.com.jnfe.base.TpNF-0.csv.gz,0,0,0,0,0,0,0,0,0,0,0,0,0,0,0,0,0,0,0,1.0,1.0,1.0,1.0,1.0,1.0,1.0,1.0,1.0,1.0
br.com.jnfe.base.TpObsNFe,0,0,0,1,1,1,1,1,1,1739,1.0,1.0,1,,,1872,139,1733,536,0,3,24,1,2,40,50,1398635608498,60,0,0,0,0,0,0,0,0,0,0,0,0,0,0,0,0,0,3,1,0.25,0,0,0,0,0,0,0,0,0,0,0,0,0,0,0,0,0,0,0,0,/home/jeshkracht/evosuite-report/data/statistics_br.com.jnfe.base.TpObsNFe-0.csv.gz,0,0,0,0,0,0,0,0,0,0,0,0,0,0,0,0,0,0,0,1.0,1.0,1.0,1.0,1.0,1.0,1.0,1.0,1.0,1.0
br.com.jnfe.base.TpSerie,3,6,6,3,2,4,2,8,8,1366,1.0,1.0,2,,,2683,505,2178,910,0,6,95,2,2,40,50,1398635663089,60,0,0,0,0,0,0,0,0,0,0,0,0,0,0,0,0,0,3,11111111,0.20270270270270271,1,1,0,0,0,0,0,0,0,0,0,0,0,0,0,0,0,0,0,0,/home/jeshkracht/evosuite-report/data/statistics_br.com.jnfe.base.TpSerie-0.csv.gz,0,0,0,0,0,0,0,0,0,0,0,0,0,0,0,0,0,0,0,1.0,1.0,1.0,1.0,1.0,1.0,1.0,1.0,1.0,1.0
br.com.jnfe.base.TpServico,0,0,0,2,2,2,2,2,2,2367,1.0,1.0,2,,,2686,314,2372,839,0,1,17,2,4,40,50,1398635742573,60,0,0,0,0,0,0,0,0,0,0,0,0,0,0,0,0,0,3,11,0.4,0,0,0,0,0,0,0,0,0,0,0,0,0,0,0,0,0,0,0,0,/home/jeshkracht/evosuite-report/data/statistics_br.com.jnfe.base.TpServico-0.csv.gz,0,0,0,0,0,0,0,0,0,0,0,0,0,0,0,0,0,0,0,1.0,1.0,1.0,1.0,1.0,1.0,1.0,1.0,1.0,1.0
br.com.jnfe.base.TpVeiculo,0,0,0,1,1,1,1,1,1,1772,1.0,1.0,1,,,1944,82,1862,710,0,1,7,1,2,40,50,1398635797917,60,0,0,0,0,0,0,0,0,0,0,0,0,0,0,0,0,0,3,1,0.25,0,0,0,0,0,0,0,0,0,0,0,0,0,0,0,0,0,0,0,0,/home/jeshkracht/evosuite-report/data/statistics_br.com.jnfe.base.TpVeiculo-0.csv.gz,0,0,0,0,0,0,0,0,0,0,0,0,0,0,0,0,0,0,0,1.0,1.0,1.0,1.0,1.0,1.0,1.0,1.0,1.0,1.0
br.com.jnfe.base.UF,2,4,4,3,2,4,2,6,6,2478,1.0,1.0,3,,,6732,1053,5679,1188,0,1,24,3,4,40,50,1398635856564,60,0,0,0,0,0,0,0,0,0,0,0,0,0,0,0,0,0,3,111111,0.37037037037037035,0,0,0,0,0,0,0,0,0,0,0,0,0,0,0,0,0,0,0,0,/home/jeshkracht/evosuite-report/data/statistics_br.com.jnfe.base.UF-0.csv.gz,0,0,0,0,0,0,0,0,0,0,0,0,0,0,0,0,0,0,0,1.0,1.0,1.0,1.0,1.0,1.0,1.0,1.0,1.0,1.0
br.com.jnfe.base.adapter.AbstractNFeAdapter,0,0,0,2,2,0,0,2,0,0,0.0,0.0,0,,,61082,73,61009,675,0,7,0,0,0,40,50,1398635931735,60,0,0,0,0,0,0,0,0,0,0,0,0,0,0,0,0,0,3,00,1.0,0,0,0,0,0,0,0,0,0,0,0,0,0,0,0,0,0,0,0,0,/home/jeshkracht/evosuite-report/data/statistics_br.com.jnfe.base.adapter.AbstractNFeAdapter-0.csv.gz,0,0,0,0,0,0,0,0,0,0,0,0,0,0,0,0,0,0,0,0.0,0.0,0.0,0.0,0.0,0.0,0.0,0.0,0.0,0.0
br.com.jnfe.base.adapter.dom.AbstractNFeDOMAdapter,0,0,0,4,4,0,0,4,0,0,0.0,0.0,0,,,61047,42,61005,706,0,10,0,0,0,40,50,1398636043960,60,0,0,0,0,0,0,0,0,0,0,0,0,0,0,0,0,0,3,0000,1.0,0,0,0,0,0,0,0,0,0,0,0,0,0,0,0,0,0,0,0,0,/home/jeshkracht/evosuite-report/data/statistics_br.com.jnfe.base.adapter.dom.AbstractNFeDOMAdapter-0.csv.gz,0,0,0,0,0,0,0,0,0,0,0,0,0,0,0,0,0,0,0,0.0,0.0,0.0,0.0,0.0,0.0,0.0,0.0,0.0,0.0
br.com.jnfe.base.service.DOMNFeKeyInfoBuilder,0,0,0,3,3,3,3,3,3,1359,1.0,1.0,2,,,2627,189,2438,851,0,1,14,2,4,40,50,1398636170912,60,0,0,0,0,0,0,0,0,0,8,0,0,0,0,0,0,0,3,111,0.0,0,0,1,1,0,0,0,0,0,0,0,0,0,0,0,0,0,0,0,0,/home/jeshkracht/evosuite-report/data/statistics_br.com.jnfe.base.service.DOMNFeKeyInfoBuilder-0.csv.gz,0,0,0,0,0,0,0,0,0,0,0,0,0,0,0,0,0,0,0,1.0,1.0,1.0,1.0,1.0,1.0,1.0,1.0,1.0,1.0
br.com.jnfe.base.service.DOMNFeSignatureHandler,3,6,4,6,5,5,4,11,8,15915,0.7272727272727273,0.7272727272727273,4,,,62518,165,62353,6283,0,3,23,4,12,40,50,1398636237535,60,0,0,0,0,0,0,0,0,0,8,0,0,0,0,0,0,0,3,01111011101,0.0,0,0,1,1,0,0,0,0,0,0,0,0,0,0,0,0,0,0,0,0,/home/jeshkracht/evosuite-report/data/statistics_br.com.jnfe.base.service.DOMNFeSignatureHandler-0.csv.gz,0,0,0,0,0,0,0,0,0,0,0,0,0,0,0,0,0,0,0,0.7272727272727273,0.7272727272727273,0.7272727272727273,0.7272727272727273,0.7272727272727273,0.7272727272727273,0.7272727272727273,0.7272727272727273,0.7272727272727273,0.7272727272727273
br.com.jnfe.base.service.NFeCalculatorImpl,7,14,4,9,4,6,4,18,8,27761,0.4444444444444444,0.4444444444444444,6,,,61252,209,61043,10083,0,7,44,6,17,40,50,1398636361106,60,0,0,0,0,0,0,0,0,0,8,0,0,0,0,0,0,0,3,111111110000000000,0.0875,1,1,2,1,0,0,0,0,0,0,0,0,0,0,0,0,0,0,0,0,/home/jeshkracht/evosuite-report/data/statistics_br.com.jnfe.base.service.NFeCalculatorImpl-0.csv.gz,0,0,0,0,0,0,0,0,0,0,0,0,0,0,0,0,0,0,0,0.4444444444444444,0.4444444444444444,0.4444444444444444,0.4444444444444444,0.4444444444444444,0.4444444444444444,0.4444444444444444,0.4444444444444444,0.4444444444444444,0.4444444444444444
