Class,Predicates,Total_Branches,Covered_Branches,Total_Methods,Branchless_Methods,Covered_Methods,Covered_Branchless_Methods,Total_Goals,Covered_Goals,Statements_Executed,Coverage,BranchCoverage,NumberOfGeneratedTestCases,DefUseCoverage,WeakMutationScore,Creation_Time,Minimization_Time,Total_Time,Test_Execution_Time,Goal_Computation_Time,Result_Size,Result_Length,Minimized_Size,Minimized_Length,Chromosome_Length,Population_Size,Random_Seed,Budget,AllPermission,SecurityPermission,UnresolvedPermission,AWTPermission,FilePermission,SerializablePermission,ReflectPermission,RuntimePermission,NetPermission,SocketPermission,SQLPermission,PropertyPermission,LoggingPermission,SSLPermission,AuthPermission,AudioPermission,OtherPermission,Threads,Branches,MutationScore,Explicit_MethodExceptions,Explicit_TypeExceptions,Implicit_MethodExceptions,Implicit_TypeExceptions,Error_Predicates,Error_Branches_Covered,Error_Branchless_Methods,Error_Branchless_Methods_Covered,AssertionContract,EqualsContract,EqualsHashcodeContract,EqualsNullContract,EqualsSymmetricContract,HashCodeReturnsNormallyContract,JCrasherExceptionContract,NullPointerExceptionContract,ToStringReturnsNormallyContract,UndeclaredExceptionContract,Contract_Violations,Unique_Violations,Data_File,Definitions,Uses,DefUsePairs,IntraMethodPairs,InterMethodPairs,IntraClassPairs,ParameterPairs,AliasingIntraMethodPairs,AliasingInterMethodPairs,AliasingIntraClassPairs,AliasingParameterPairs,CoveredIntraMethodPairs,CoveredInterMethodPairs,CoveredIntraClassPairs,CoveredParameterPairs,CoveredAliasIntraMethodPairs,CoveredAliasInterMethodPairs,CoveredAliasIntraClassPairs,CoveredAliasParameterPairs,CoverageTimeline_T1,CoverageTimeline_T2,CoverageTimeline_T3,CoverageTimeline_T4,CoverageTimeline_T5,CoverageTimeline_T6,CoverageTimeline_T7,CoverageTimeline_T8,CoverageTimeline_T9,CoverageTimeline_T10
bierse.Bierse,0,0,0,1,1,1,1,1,1,5827,1.0,1.0,1,,,1236,144,1092,726,0,1,22,1,1,40,50,1399760681059,60,0,0,0,0,0,0,0,0,0,0,0,0,0,0,0,0,0,3,1,1.0,0,0,0,0,0,0,0,0,0,0,0,0,0,0,0,0,0,0,0,0,/home/jeshkracht/evosuite-report/data/statistics_bierse.Bierse-0.csv.gz,0,0,0,0,0,0,0,0,0,0,0,0,0,0,0,0,0,0,0,1.0,1.0,1.0,1.0,1.0,1.0,1.0,1.0,1.0,1.0
bierse.controller.DefaultMenuController,2,4,2,4,3,2,1,7,3,13532,0.42857142857142855,0.42857142857142855,1,,,61229,52,61177,10061,0,1,8,1,3,40,50,1399760738453,60,0,0,0,0,1,0,0,0,0,1,0,0,0,0,0,0,0,5,1001010,0.0,0,0,0,0,0,0,0,0,0,0,0,0,0,0,0,0,0,0,0,0,/home/jeshkracht/evosuite-report/data/statistics_bierse.controller.DefaultMenuController-0.csv.gz,0,0,0,0,0,0,0,0,0,0,0,0,0,0,0,0,0,0,0,0.42857142857142855,0.42857142857142855,0.42857142857142855,0.42857142857142855,0.42857142857142855,0.42857142857142855,0.42857142857142855,0.42857142857142855,0.42857142857142855,0.42857142857142855
bierse.controller.DefaultSettingsController,13,26,4,3,1,2,1,27,5,2373,0.18518518518518517,0.18518518518518517,1,,,61600,561,61039,7897,0,1,35,1,3,40,50,1399760863541,60,0,0,0,0,1,0,0,0,0,1,0,0,0,0,0,0,0,5,100000000000000100010101000,0.0,0,0,0,0,0,0,0,0,0,0,0,0,0,0,0,0,0,0,0,0,/home/jeshkracht/evosuite-report/data/statistics_bierse.controller.DefaultSettingsController-0.csv.gz,0,0,0,0,0,0,0,0,0,0,0,0,0,0,0,0,0,0,0,0.18518518518518517,0.18518518518518517,0.18518518518518517,0.18518518518518517,0.18518518518518517,0.18518518518518517,0.18518518518518517,0.18518518518518517,0.18518518518518517,0.18518518518518517
bierse.controller.DefaultTableModelController,3,6,2,2,1,2,1,7,3,16167,0.42857142857142855,0.42857142857142855,2,,,61175,86,61089,7424,0,1,9,2,8,40,50,1399760990839,60,0,0,0,0,0,0,0,0,0,0,0,0,0,0,0,0,0,3,1110000,0.0,0,0,1,1,0,0,0,0,0,0,0,0,0,0,0,0,0,0,0,0,/home/jeshkracht/evosuite-report/data/statistics_bierse.controller.DefaultTableModelController-0.csv.gz,0,0,0,0,0,0,0,0,0,0,0,0,0,0,0,0,0,0,0,0.42857142857142855,0.42857142857142855,0.42857142857142855,0.42857142857142855,0.42857142857142855,0.42857142857142855,0.42857142857142855,0.42857142857142855,0.42857142857142855,0.42857142857142855
bierse.controller.DrinkSellController,4,8,0,4,3,0,0,11,0,0,0.0,0.0,0,,,78920,3737,75183,0,0,9,307,0,0,40,50,1399761115469,60,0,0,0,0,0,0,0,0,0,0,0,0,0,0,0,0,0,3,00000000000,1.0,0,0,0,0,0,0,0,0,0,0,0,0,0,0,0,0,0,0,0,0,/home/jeshkracht/evosuite-report/data/statistics_bierse.controller.DrinkSellController-0.csv.gz,0,0,0,0,0,0,0,0,0,0,0,0,0,0,0,0,0,0,0,0.0,0.0,0.0,0.0,0.0,0.0,0.0,0.0,0.0,0.0
bierse.controller.TriggerThread,2,4,0,2,1,1,1,5,1,24779,0.2,0.2,1,,,61057,49,61008,26493,0,1,4,1,1,40,50,1399761259416,60,0,0,0,0,0,0,0,0,0,0,0,0,0,0,0,0,0,3,10000,0.0,0,0,0,0,0,0,0,0,0,0,0,0,0,0,0,0,0,0,0,0,/home/jeshkracht/evosuite-report/data/statistics_bierse.controller.TriggerThread-0.csv.gz,0,0,0,0,0,0,0,0,0,0,0,0,0,0,0,0,0,0,0,0.2,0.2,0.2,0.2,0.2,0.2,0.2,0.2,0.2,0.2
bierse.model.Model,14,28,0,31,23,1,1,51,1,0,0.0196078431372549,0.0196078431372549,1,,,61096,92,61004,51301,0,1,1,1,1,40,50,1399761378905,60,0,0,0,0,0,0,0,0,0,0,0,0,0,0,0,0,0,3,000000000000000010000000000000000000000000000000000,0.0,0,0,1,1,0,0,0,0,0,0,0,0,0,0,0,0,0,0,0,0,/home/jeshkracht/evosuite-report/data/statistics_bierse.model.Model-0.csv.gz,0,0,0,0,0,0,0,0,0,0,0,0,0,0,0,0,0,0,0,0.0196078431372549,0.0196078431372549,0.0196078431372549,0.0196078431372549,0.0196078431372549,0.0196078431372549,0.0196078431372549,0.0196078431372549,0.0196078431372549,0.0196078431372549
bierse.view.DefaultDrinkSellView,9,18,0,18,12,0,0,30,0,2910,0.0,0.0,0,,,61059,34,61025,3699,1,1,3,0,0,40,50,1399761507978,60,0,0,0,0,0,0,0,0,0,0,0,0,0,0,0,0,0,3,000000000000000000000000000000,1.0,0,0,0,0,0,0,0,0,0,0,0,0,0,0,0,0,0,0,0,0,/home/jeshkracht/evosuite-report/data/statistics_bierse.view.DefaultDrinkSellView-0.csv.gz,0,0,0,0,0,0,0,0,0,0,0,0,0,0,0,0,0,0,0,0.03333333333333333,0.0,0.0,0.0,0.0,0.0,0.0,0.0,0.0,0.0
bierse.view.DefaultInfoView,5,10,0,9,7,1,1,17,1,933,0.058823529411764705,0.058823529411764705,1,,,61129,42,61087,9599,0,1,2,1,1,40,50,1399761633472,60,0,0,0,0,1,0,0,0,0,1,0,0,0,0,0,0,0,5,00000010000000000,0.0,0,0,1,1,0,0,0,0,0,0,0,0,0,0,0,0,0,0,0,0,/home/jeshkracht/evosuite-report/data/statistics_bierse.view.DefaultInfoView-0.csv.gz,0,0,0,0,0,0,0,0,0,0,0,0,0,0,0,0,0,0,0,0.058823529411764705,0.058823529411764705,0.058823529411764705,0.058823529411764705,0.058823529411764705,0.058823529411764705,0.058823529411764705,0.058823529411764705,0.058823529411764705,0.058823529411764705
bierse.view.DefaultInfoViewMouseListener,2,4,0,8,7,2,2,11,2,1041,0.18181818181818182,0.18181818181818182,1,,,62294,1225,61069,6742,0,5,127,1,2,40,50,1399761760977,60,0,0,0,0,1,0,0,0,0,1,0,0,0,0,0,0,0,5,10010000000,0.0,0,0,1,1,0,0,0,0,0,0,0,0,0,0,0,0,0,0,0,0,/home/jeshkracht/evosuite-report/data/statistics_bierse.view.DefaultInfoViewMouseListener-0.csv.gz,0,0,0,0,0,0,0,0,0,0,0,0,0,0,0,0,0,0,0,0.18181818181818182,0.18181818181818182,0.18181818181818182,0.18181818181818182,0.18181818181818182,0.18181818181818182,0.18181818181818182,0.18181818181818182,0.18181818181818182,0.18181818181818182
bierse.view.DefaultSettingsView,10,20,0,24,21,0,0,41,0,626,0.0,0.0,0,,,61154,47,61107,7778,0,1,2,0,0,40,50,1399761885989,60,0,0,0,0,1,0,0,0,0,1,0,0,0,0,0,0,0,5,00000000000000000000000000000000000000000,1.0,0,0,0,0,0,0,0,0,0,0,0,0,0,0,0,0,0,0,0,0,/home/jeshkracht/evosuite-report/data/statistics_bierse.view.DefaultSettingsView-0.csv.gz,0,0,0,0,0,0,0,0,0,0,0,0,0,0,0,0,0,0,0,0.0,0.0,0.0,0.0,0.0,0.0,0.0,0.0,0.0,0.0
bierse.view.KeyMapComboBoxModel,13,26,21,2,1,2,1,27,22,15822,0.8148148148148148,0.8148148148148148,9,,,61821,796,61025,20879,0,9,77,9,9,40,50,1399762013677,60,0,0,0,0,3,0,0,0,0,2,0,0,0,0,0,0,0,5,111110101110111110111011111,0.5641025641025641,0,0,0,0,0,0,0,0,0,0,0,0,0,0,0,0,0,0,0,0,/home/jeshkracht/evosuite-report/data/statistics_bierse.view.KeyMapComboBoxModel-0.csv.gz,0,0,0,0,0,0,0,0,0,0,0,0,0,0,0,0,0,0,0,0.8148148148148148,0.8148148148148148,0.8148148148148148,0.8148148148148148,0.8148148148148148,0.8148148148148148,0.8148148148148148,0.8148148148148148,0.8148148148148148,0.8148148148148148
bierse.view.MyKeyMap,0,0,0,4,4,4,4,4,4,5661,1.0,1.0,2,,,2757,175,2582,1034,0,1,14,2,4,40,50,1399762139041,60,0,0,0,0,0,0,0,0,0,0,0,0,0,0,0,0,0,3,1111,0.6666666666666666,0,0,0,0,0,0,0,0,0,0,0,0,0,0,0,0,0,0,0,0,/home/jeshkracht/evosuite-report/data/statistics_bierse.view.MyKeyMap-0.csv.gz,0,0,0,0,0,0,0,0,0,0,0,0,0,0,0,0,0,0,0,1.0,1.0,1.0,1.0,1.0,1.0,1.0,1.0,1.0,1.0
bierse.view.RunningMessagePanel,3,6,2,7,4,6,4,10,6,19373,0.6,0.6,5,,,62108,1039,61069,12979,0,7,160,5,11,40,50,1399762195399,60,0,0,0,0,10,0,0,1,0,2,0,0,0,0,0,0,0,15,1111001010,0.2420091324200913,0,0,0,0,0,0,0,0,0,0,0,0,0,0,0,0,0,0,0,0,/home/jeshkracht/evosuite-report/data/statistics_bierse.view.RunningMessagePanel-0.csv.gz,0,0,0,0,0,0,0,0,0,0,0,0,0,0,0,0,0,0,0,0.6,0.6,0.6,0.6,0.6,0.6,0.6,0.6,0.6,0.6
