Class,Predicates,Total_Branches,Covered_Branches,Total_Methods,Branchless_Methods,Covered_Methods,Covered_Branchless_Methods,Total_Goals,Covered_Goals,Statements_Executed,Coverage,BranchCoverage,NumberOfGeneratedTestCases,DefUseCoverage,WeakMutationScore,Creation_Time,Minimization_Time,Total_Time,Test_Execution_Time,Goal_Computation_Time,Result_Size,Result_Length,Minimized_Size,Minimized_Length,Chromosome_Length,Population_Size,Random_Seed,Budget,AllPermission,SecurityPermission,UnresolvedPermission,AWTPermission,FilePermission,SerializablePermission,ReflectPermission,RuntimePermission,NetPermission,SocketPermission,SQLPermission,PropertyPermission,LoggingPermission,SSLPermission,AuthPermission,AudioPermission,OtherPermission,Threads,Branches,MutationScore,Explicit_MethodExceptions,Explicit_TypeExceptions,Implicit_MethodExceptions,Implicit_TypeExceptions,Error_Predicates,Error_Branches_Covered,Error_Branchless_Methods,Error_Branchless_Methods_Covered,AssertionContract,EqualsContract,EqualsHashcodeContract,EqualsNullContract,EqualsSymmetricContract,HashCodeReturnsNormallyContract,JCrasherExceptionContract,NullPointerExceptionContract,ToStringReturnsNormallyContract,UndeclaredExceptionContract,Contract_Violations,Unique_Violations,Data_File,Definitions,Uses,DefUsePairs,IntraMethodPairs,InterMethodPairs,IntraClassPairs,ParameterPairs,AliasingIntraMethodPairs,AliasingInterMethodPairs,AliasingIntraClassPairs,AliasingParameterPairs,CoveredIntraMethodPairs,CoveredInterMethodPairs,CoveredIntraClassPairs,CoveredParameterPairs,CoveredAliasIntraMethodPairs,CoveredAliasInterMethodPairs,CoveredAliasIntraClassPairs,CoveredAliasParameterPairs,CoverageTimeline_T1,CoverageTimeline_T2,CoverageTimeline_T3,CoverageTimeline_T4,CoverageTimeline_T5,CoverageTimeline_T6,CoverageTimeline_T7,CoverageTimeline_T8,CoverageTimeline_T9,CoverageTimeline_T10
bierse.Bierse,0,0,0,1,1,1,1,1,1,5038,1.0,1.0,1,,,1381,69,1312,979,0,1,5,1,1,40,50,1399763989180,60,0,0,0,0,0,0,0,0,0,0,0,0,0,0,0,0,0,3,1,1.0,0,0,0,0,0,0,0,0,0,0,0,0,0,0,0,0,0,0,0,0,/home/jeshkracht/evosuite-report/data/statistics_bierse.Bierse-0.csv.gz,0,0,0,0,0,0,0,0,0,0,0,0,0,0,0,0,0,0,0,1.0,1.0,1.0,1.0,1.0,1.0,1.0,1.0,1.0,1.0
bierse.controller.DefaultMenuController,2,4,2,4,3,2,1,7,3,8853,0.42857142857142855,0.42857142857142855,1,,,61312,234,61078,9602,0,2,61,1,3,40,50,1399764045935,60,0,0,0,0,1,0,0,0,0,1,0,0,0,0,0,0,0,5,1001010,0.0,0,0,0,0,0,0,0,0,0,0,0,0,0,0,0,0,0,0,0,0,/home/jeshkracht/evosuite-report/data/statistics_bierse.controller.DefaultMenuController-0.csv.gz,0,0,0,0,0,0,0,0,0,0,0,0,0,0,0,0,0,0,0,0.42857142857142855,0.42857142857142855,0.42857142857142855,0.42857142857142855,0.42857142857142855,0.42857142857142855,0.42857142857142855,0.42857142857142855,0.42857142857142855,0.42857142857142855
bierse.controller.DefaultSettingsController,13,26,0,3,1,0,0,27,0,918,0.0,0.0,0,,,61195,32,61163,4149,0,1,1,0,0,40,50,1399764170424,60,0,0,0,0,0,0,0,0,0,0,0,0,0,0,0,0,0,3,000000000000000000000000000,1.0,0,0,0,0,0,0,0,0,0,0,0,0,0,0,0,0,0,0,0,0,/home/jeshkracht/evosuite-report/data/statistics_bierse.controller.DefaultSettingsController-0.csv.gz,0,0,0,0,0,0,0,0,0,0,0,0,0,0,0,0,0,0,0,0.0,0.0,0.0,0.0,0.0,0.0,0.0,0.0,0.0,0.0
bierse.controller.DefaultTableModelController,3,6,2,2,1,2,1,7,3,19297,0.42857142857142855,0.42857142857142855,2,,,61082,75,61007,12203,0,1,10,2,8,40,50,1399764296549,60,0,0,0,0,1,0,0,0,0,1,0,0,0,0,0,0,0,3,1110000,0.0,0,0,1,1,0,0,0,0,0,0,0,0,0,0,0,0,0,0,0,0,/home/jeshkracht/evosuite-report/data/statistics_bierse.controller.DefaultTableModelController-0.csv.gz,0,0,0,0,0,0,0,0,0,0,0,0,0,0,0,0,0,0,0,0.42857142857142855,0.42857142857142855,0.42857142857142855,0.42857142857142855,0.42857142857142855,0.42857142857142855,0.42857142857142855,0.42857142857142855,0.42857142857142855,0.42857142857142855
bierse.controller.DrinkSellController,4,8,0,4,3,0,0,11,0,0,0.0,0.0,0,,,75611,3081,72530,0,0,7,197,0,0,40,50,1399764422152,60,0,0,0,0,0,0,0,0,0,0,0,0,0,0,0,0,0,3,00000000000,1.0,0,0,0,0,0,0,0,0,0,0,0,0,0,0,0,0,0,0,0,0,/home/jeshkracht/evosuite-report/data/statistics_bierse.controller.DrinkSellController-0.csv.gz,0,0,0,0,0,0,0,0,0,0,0,0,0,0,0,0,0,0,0,0.0,0.0,0.0,0.0,0.0,0.0,0.0,0.0,0.0,0.0
bierse.controller.TriggerThread,2,4,0,2,1,1,1,5,1,24142,0.2,0.2,1,,,61062,52,61010,27626,0,1,4,1,1,40,50,1399764563517,60,0,0,0,0,0,0,0,0,0,0,0,0,0,0,0,0,0,3,10000,0.0,0,0,0,0,0,0,0,0,0,0,0,0,0,0,0,0,0,0,0,0,/home/jeshkracht/evosuite-report/data/statistics_bierse.controller.TriggerThread-0.csv.gz,0,0,0,0,0,0,0,0,0,0,0,0,0,0,0,0,0,0,0,0.2,0.2,0.2,0.2,0.2,0.2,0.2,0.2,0.2,0.2
bierse.model.Model,14,28,0,31,23,1,1,51,1,0,0.0196078431372549,0.0196078431372549,1,,,61093,93,61000,51022,0,1,1,1,1,40,50,1399764682613,60,0,0,0,0,0,0,0,0,0,0,0,0,0,0,0,0,0,3,000000000000000010000000000000000000000000000000000,0.0,0,0,1,1,0,0,0,0,0,0,0,0,0,0,0,0,0,0,0,0,/home/jeshkracht/evosuite-report/data/statistics_bierse.model.Model-0.csv.gz,0,0,0,0,0,0,0,0,0,0,0,0,0,0,0,0,0,0,0,0.0196078431372549,0.0196078431372549,0.0196078431372549,0.0196078431372549,0.0196078431372549,0.0196078431372549,0.0196078431372549,0.0196078431372549,0.0196078431372549,0.0196078431372549
bierse.view.DefaultDrinkSellView,9,18,0,18,12,0,0,30,0,3165,0.0,0.0,0,,,61336,33,61303,9647,1,1,3,0,0,40,50,1399764811115,60,0,0,0,0,1,0,0,0,0,1,0,0,0,0,0,0,0,5,000000000000000000000000000000,1.0,0,0,0,0,0,0,0,0,0,0,0,0,0,0,0,0,0,0,0,0,/home/jeshkracht/evosuite-report/data/statistics_bierse.view.DefaultDrinkSellView-0.csv.gz,0,0,0,0,0,0,0,0,0,0,0,0,0,0,0,0,0,0,0,0.03333333333333333,0.0,0.0,0.0,0.0,0.0,0.0,0.0,0.0,0.0
bierse.view.DefaultInfoView,5,10,0,9,7,1,1,17,1,1108,0.058823529411764705,0.058823529411764705,1,,,61061,57,61004,11464,0,1,2,1,1,40,50,1399764937528,60,0,0,0,0,1,0,0,0,0,1,0,0,0,0,0,0,0,5,00000010000000000,0.0,0,0,1,1,0,0,0,0,0,0,0,0,0,0,0,0,0,0,0,0,/home/jeshkracht/evosuite-report/data/statistics_bierse.view.DefaultInfoView-0.csv.gz,0,0,0,0,0,0,0,0,0,0,0,0,0,0,0,0,0,0,0,0.058823529411764705,0.058823529411764705,0.058823529411764705,0.058823529411764705,0.058823529411764705,0.058823529411764705,0.058823529411764705,0.058823529411764705,0.058823529411764705,0.058823529411764705
bierse.view.DefaultInfoViewMouseListener,2,4,0,8,7,0,0,11,0,6,0.0,0.0,0,,,62945,111,62834,5078,0,7,227,0,0,40,50,1399765065672,60,0,0,0,0,1,0,0,0,0,1,0,0,0,0,0,0,0,3,00000000000,1.0,0,0,0,0,0,0,0,0,0,0,0,0,0,0,0,0,0,0,0,0,/home/jeshkracht/evosuite-report/data/statistics_bierse.view.DefaultInfoViewMouseListener-0.csv.gz,0,0,0,0,0,0,0,0,0,0,0,0,0,0,0,0,0,0,0,0.0,0.0,0.0,0.0,0.0,0.0,0.0,0.0,0.0,0.0
bierse.view.DefaultSettingsView,10,20,0,24,21,0,0,41,0,715,0.0,0.0,0,,,61124,36,61088,2927,0,1,2,0,0,40,50,1399765191949,60,0,0,0,0,0,0,0,0,0,0,0,0,0,0,0,0,0,3,00000000000000000000000000000000000000000,1.0,0,0,0,0,0,0,0,0,0,0,0,0,0,0,0,0,0,0,0,0,/home/jeshkracht/evosuite-report/data/statistics_bierse.view.DefaultSettingsView-0.csv.gz,0,0,0,0,0,0,0,0,0,0,0,0,0,0,0,0,0,0,0,0.0,0.0,0.0,0.0,0.0,0.0,0.0,0.0,0.0,0.0
bierse.view.KeyMapComboBoxModel,13,26,19,2,1,2,1,27,20,14730,0.7407407407407407,0.7407407407407407,7,,,61568,551,61017,19922,0,6,79,7,7,40,50,1399765318984,60,0,0,0,0,1,0,0,0,0,1,0,0,0,0,0,0,0,5,111011101010111010111110111,0.5128205128205128,0,0,0,0,0,0,0,0,0,0,0,0,0,0,0,0,0,0,0,0,/home/jeshkracht/evosuite-report/data/statistics_bierse.view.KeyMapComboBoxModel-0.csv.gz,0,0,0,0,0,0,0,0,0,0,0,0,0,0,0,0,0,0,0,0.7407407407407407,0.7407407407407407,0.7407407407407407,0.7407407407407407,0.7407407407407407,0.7407407407407407,0.7407407407407407,0.7407407407407407,0.7407407407407407,0.7407407407407407
bierse.view.MyKeyMap,0,0,0,4,4,4,4,4,4,5802,1.0,1.0,2,,,2836,246,2590,1043,1,2,19,2,4,40,50,1399765444602,60,0,0,0,0,0,0,0,0,0,0,0,0,0,0,0,0,0,3,1111,0.6666666666666666,0,0,0,0,0,0,0,0,0,0,0,0,0,0,0,0,0,0,0,0,/home/jeshkracht/evosuite-report/data/statistics_bierse.view.MyKeyMap-0.csv.gz,0,0,0,0,0,0,0,0,0,0,0,0,0,0,0,0,0,0,0,1.0,1.0,1.0,1.0,1.0,1.0,1.0,1.0,1.0,1.0
bierse.view.RunningMessagePanel,3,6,2,7,4,6,4,10,6,14208,0.6,0.6,5,,,63137,2034,61103,14146,1,6,121,5,10,40,50,1399765502114,60,0,0,0,0,122,0,0,1,0,1,0,0,0,0,0,0,0,16,1111001010,0.182648401826484,0,0,0,0,0,0,0,0,0,0,0,0,0,0,0,0,0,0,0,0,/home/jeshkracht/evosuite-report/data/statistics_bierse.view.RunningMessagePanel-0.csv.gz,0,0,0,0,0,0,0,0,0,0,0,0,0,0,0,0,0,0,0,0.7,0.6,0.6,0.6,0.6,0.6,0.6,0.6,0.6,0.6
