Class,Predicates,Total_Branches,Covered_Branches,Total_Methods,Branchless_Methods,Covered_Methods,Covered_Branchless_Methods,Total_Goals,Covered_Goals,Statements_Executed,Coverage,BranchCoverage,NumberOfGeneratedTestCases,DefUseCoverage,WeakMutationScore,Creation_Time,Minimization_Time,Total_Time,Test_Execution_Time,Goal_Computation_Time,Result_Size,Result_Length,Minimized_Size,Minimized_Length,Chromosome_Length,Population_Size,Random_Seed,Budget,AllPermission,SecurityPermission,UnresolvedPermission,AWTPermission,FilePermission,SerializablePermission,ReflectPermission,RuntimePermission,NetPermission,SocketPermission,SQLPermission,PropertyPermission,LoggingPermission,SSLPermission,AuthPermission,AudioPermission,OtherPermission,Threads,Branches,MutationScore,Explicit_MethodExceptions,Explicit_TypeExceptions,Implicit_MethodExceptions,Implicit_TypeExceptions,Error_Predicates,Error_Branches_Covered,Error_Branchless_Methods,Error_Branchless_Methods_Covered,AssertionContract,EqualsContract,EqualsHashcodeContract,EqualsNullContract,EqualsSymmetricContract,HashCodeReturnsNormallyContract,JCrasherExceptionContract,NullPointerExceptionContract,ToStringReturnsNormallyContract,UndeclaredExceptionContract,Contract_Violations,Unique_Violations,Data_File,Definitions,Uses,DefUsePairs,IntraMethodPairs,InterMethodPairs,IntraClassPairs,ParameterPairs,AliasingIntraMethodPairs,AliasingInterMethodPairs,AliasingIntraClassPairs,AliasingParameterPairs,CoveredIntraMethodPairs,CoveredInterMethodPairs,CoveredIntraClassPairs,CoveredParameterPairs,CoveredAliasIntraMethodPairs,CoveredAliasInterMethodPairs,CoveredAliasIntraClassPairs,CoveredAliasParameterPairs,CoverageTimeline_T1,CoverageTimeline_T2,CoverageTimeline_T3,CoverageTimeline_T4,CoverageTimeline_T5,CoverageTimeline_T6,CoverageTimeline_T7,CoverageTimeline_T8,CoverageTimeline_T9,CoverageTimeline_T10
com.allenstudio.ir.core.ConfigurationManager,6,12,2,10,5,2,0,17,2,9223,0.11764705882352941,0.11764705882352941,1,,,117532,56127,61405,5810,0,7,71,1,2,40,50,1398595885807,60,0,0,0,0,399,0,0,12,0,0,0,0,0,0,0,0,0,3,00000100000000100,0.0,0,0,0,0,0,0,0,0,0,0,0,0,0,0,0,0,0,0,0,0,/home/jeshkracht/evosuite-report/data/statistics_com.allenstudio.ir.core.ConfigurationManager-0.csv.gz,0,0,0,0,0,0,0,0,0,0,0,0,0,0,0,0,0,0,0,0.4117647058823529,0.11764705882352941,0.11764705882352941,0.11764705882352941,0.11764705882352941,0.11764705882352941,0.11764705882352941,0.11764705882352941,0.11764705882352941,0.11764705882352941
com.allenstudio.ir.core.PluginManager,3,6,1,8,5,5,1,11,2,0,0.18181818181818182,0.18181818181818182,1,,,61075,74,61001,52644,0,2,2,1,1,40,50,1398596056868,60,0,0,0,0,0,0,0,10075,0,0,0,0,0,0,0,0,0,3,00001010000,0.18333333333333332,0,0,0,0,0,0,0,0,0,0,0,0,0,0,0,0,0,0,0,0,/home/jeshkracht/evosuite-report/data/statistics_com.allenstudio.ir.core.PluginManager-0.csv.gz,0,0,0,0,0,0,0,0,0,0,0,0,0,0,0,0,0,0,0,0.18181818181818182,0.18181818181818182,0.18181818181818182,0.18181818181818182,0.18181818181818182,0.18181818181818182,0.18181818181818182,0.18181818181818182,0.18181818181818182,0.18181818181818182
com.allenstudio.ir.core.plugins.AbstractNote,0,0,0,4,4,3,3,4,3,10784,0.75,0.75,2,,,61217,199,61018,14826,0,2,41,2,4,40,50,1398596170836,60,0,0,0,0,25,0,0,1,0,1,0,0,0,0,0,0,0,5,1011,0.8,0,0,0,0,0,0,0,0,0,0,0,0,0,0,0,0,0,0,0,0,/home/jeshkracht/evosuite-report/data/statistics_com.allenstudio.ir.core.plugins.AbstractNote-0.csv.gz,0,0,0,0,0,0,0,0,0,0,0,0,0,0,0,0,0,0,0,0.75,0.75,0.75,0.75,0.75,0.75,0.75,0.75,0.75,0.75
com.allenstudio.ir.core.plugins.CommonNote,2,4,3,7,6,7,6,10,9,9790,0.9,0.9,2,,,62358,1138,61220,16226,0,4,45,2,4,40,50,1398596292265,60,0,0,0,0,13,0,0,1,0,1,0,0,0,0,0,0,0,7,1111111101,0.5294117647058824,0,0,0,0,0,0,0,0,0,0,0,0,0,0,0,0,0,0,0,0,/home/jeshkracht/evosuite-report/data/statistics_com.allenstudio.ir.core.plugins.CommonNote-0.csv.gz,0,0,0,0,0,0,0,0,0,0,0,0,0,0,0,0,0,0,0,0.727327935222672,0.9,0.9,0.9,0.9,0.9,0.9,0.9,0.9,0.9
com.allenstudio.ir.core.plugins.CommonNoteModel,0,0,0,4,4,4,4,4,4,6051,1.0,1.0,3,,,1686,193,1493,891,0,1,9,3,6,40,50,1398596418408,60,0,0,0,0,0,0,0,0,0,0,0,0,0,0,0,0,0,3,1111,0.4444444444444444,0,0,0,0,0,0,0,0,0,0,0,0,0,0,0,0,0,0,0,0,/home/jeshkracht/evosuite-report/data/statistics_com.allenstudio.ir.core.plugins.CommonNoteModel-0.csv.gz,0,0,0,0,0,0,0,0,0,0,0,0,0,0,0,0,0,0,0,1.0,1.0,1.0,1.0,1.0,1.0,1.0,1.0,1.0,1.0
com.allenstudio.ir.event.DateChooserEvent,0,0,0,3,3,3,3,3,3,3147,1.0,1.0,2,,,14751,372,14379,1195,0,4,97,2,7,40,50,1398596472186,60,0,0,0,0,0,0,0,0,0,0,0,0,0,0,0,0,0,3,111,1.0,0,0,0,0,0,0,0,0,0,0,0,0,0,0,0,0,0,0,0,0,/home/jeshkracht/evosuite-report/data/statistics_com.allenstudio.ir.event.DateChooserEvent-0.csv.gz,0,0,0,0,0,0,0,0,0,0,0,0,0,0,0,0,0,0,0,1.0,1.0,1.0,1.0,1.0,1.0,1.0,1.0,1.0,1.0
com.allenstudio.ir.event.NoteListDataEvent,0,0,0,3,3,3,3,3,3,3562,1.0,1.0,2,,,2133,269,1864,710,0,1,19,2,6,40,50,1398596540373,60,0,0,0,0,0,0,0,0,0,0,0,0,0,0,0,0,0,3,111,0.75,0,0,0,0,0,0,0,0,0,0,0,0,0,0,0,0,0,0,0,0,/home/jeshkracht/evosuite-report/data/statistics_com.allenstudio.ir.event.NoteListDataEvent-0.csv.gz,0,0,0,0,0,0,0,0,0,0,0,0,0,0,0,0,0,0,0,1.0,1.0,1.0,1.0,1.0,1.0,1.0,1.0,1.0,1.0
com.allenstudio.ir.event.NoteListEvent,0,0,0,2,2,2,2,2,2,4211,1.0,1.0,1,,,2791,95,2696,650,1,1,8,1,3,40,50,1398596595157,60,0,0,0,0,0,0,0,0,0,0,0,0,0,0,0,0,0,3,11,1.0,0,0,0,0,0,0,0,0,0,0,0,0,0,0,0,0,0,0,0,0,/home/jeshkracht/evosuite-report/data/statistics_com.allenstudio.ir.event.NoteListEvent-0.csv.gz,0,0,0,0,0,0,0,0,0,0,0,0,0,0,0,0,0,0,0,1.0,1.0,1.0,1.0,1.0,1.0,1.0,1.0,1.0,1.0
com.allenstudio.ir.ui.DefaultNoteListModel,1,2,1,31,30,31,30,32,31,16298,0.96875,0.96875,28,,,62992,1981,61011,12158,0,14,222,28,59,40,50,1398596653669,60,0,0,0,0,5,0,0,0,0,1,0,0,0,0,0,0,0,5,11111111111111111111111111111110,0.09868421052631579,0,0,14,3,0,0,0,0,0,0,0,0,0,0,0,0,0,0,0,0,/home/jeshkracht/evosuite-report/data/statistics_com.allenstudio.ir.ui.DefaultNoteListModel-0.csv.gz,0,0,0,0,0,0,0,0,0,0,0,0,0,0,0,0,0,0,0,0.96875,0.96875,0.96875,0.96875,0.96875,0.96875,0.96875,0.96875,0.96875,0.96875
com.allenstudio.ir.ui.MainMenu,13,26,19,4,1,4,1,27,20,7371,0.7407407407407407,0.7407407407407407,1,,,61622,61,61561,21184,0,2,5,1,2,40,50,1398596783866,60,0,0,0,0,13,0,0,17,0,1,0,0,0,0,0,0,0,7,101110101111101111101110101,0.2857142857142857,0,0,0,0,0,0,0,0,0,0,0,0,0,0,0,0,0,0,0,0,/home/jeshkracht/evosuite-report/data/statistics_com.allenstudio.ir.ui.MainMenu-0.csv.gz,0,0,0,0,0,0,0,0,0,0,0,0,0,0,0,0,0,0,0,0.7407407407407407,0.7407407407407407,0.7407407407407407,0.7407407407407407,0.7407407407407407,0.7407407407407407,0.7407407407407407,0.7407407407407407,0.7407407407407407,0.7407407407407407
com.allenstudio.ir.ui.NoteList,13,26,8,23,12,9,4,38,12,6916,0.3157894736842105,0.3157894736842105,6,,,67583,6561,61022,24021,0,7,190,6,18,40,50,1398596909951,60,0,0,0,0,9,0,0,321,0,1,0,0,0,0,0,0,0,7,00000010111000100000001010001100110010,0.3333333333333333,0,0,1,1,0,0,0,0,0,0,0,0,0,0,0,0,0,0,0,0,/home/jeshkracht/evosuite-report/data/statistics_com.allenstudio.ir.ui.NoteList-0.csv.gz,0,0,0,0,0,0,0,0,0,0,0,0,0,0,0,0,0,0,0,0.3086562227391684,0.3157894736842105,0.3157894736842105,0.3157894736842105,0.3157894736842105,0.3157894736842105,0.3157894736842105,0.3157894736842105,0.3157894736842105,0.3157894736842105
com.allenstudio.ir.ui.NoteListCell,14,28,3,25,17,10,8,45,11,11576,0.24444444444444444,0.24444444444444444,3,,,61139,138,61001,17875,1,3,25,3,9,40,50,1398597053894,60,0,0,0,0,5,0,0,2,0,1,0,0,0,0,0,0,0,7,010000000000000001110110110110010000000000000,0.20149253731343283,0,0,0,0,0,0,0,0,0,0,0,0,0,0,0,0,0,0,0,0,/home/jeshkracht/evosuite-report/data/statistics_com.allenstudio.ir.ui.NoteListCell-0.csv.gz,0,0,0,0,0,0,0,0,0,0,0,0,0,0,0,0,0,0,0,0.24444444444444444,0.24444444444444444,0.24444444444444444,0.24444444444444444,0.24444444444444444,0.24444444444444444,0.24444444444444444,0.24444444444444444,0.24444444444444444,0.24444444444444444
com.allenstudio.ir.ui.NoteListsTabPane,1,2,0,5,4,3,2,6,2,129,0.3333333333333333,0.3333333333333333,1,,,61130,45,61085,15226,0,1,1,1,1,40,50,1398597182445,60,0,0,0,0,1,0,0,661,0,1,0,0,0,0,0,0,0,7,100100,0.0,0,0,0,0,0,0,0,0,0,0,0,0,0,0,0,0,0,0,0,0,/home/jeshkracht/evosuite-report/data/statistics_com.allenstudio.ir.ui.NoteListsTabPane-0.csv.gz,0,0,0,0,0,0,0,0,0,0,0,0,0,0,0,0,0,0,0,0.3333333333333333,0.3333333333333333,0.3333333333333333,0.3333333333333333,0.3333333333333333,0.3333333333333333,0.3333333333333333,0.3333333333333333,0.3333333333333333,0.3333333333333333
com.allenstudio.ir.ui.StatusBar,0,0,0,3,3,3,3,3,3,2636,1.0,1.0,1,,,31858,1114,30744,12255,0,7,147,1,2,40,50,1398597310232,60,0,0,0,0,11,0,0,0,0,1,0,0,0,0,0,0,0,5,111,0.5,0,0,0,0,0,0,0,0,0,0,0,0,0,0,0,0,0,0,0,0,/home/jeshkracht/evosuite-report/data/statistics_com.allenstudio.ir.ui.StatusBar-0.csv.gz,0,0,0,0,0,0,0,0,0,0,0,0,0,0,0,0,0,0,0,1.0,1.0,1.0,1.0,1.0,1.0,1.0,1.0,1.0,1.0
com.allenstudio.ir.ui.Toolbar,3,6,4,2,1,2,1,7,5,5355,0.7142857142857143,0.7142857142857143,1,,,61371,56,61315,16827,0,1,1,1,1,40,50,1398597404332,60,0,0,0,0,9,0,0,0,0,1,0,0,0,0,0,0,0,5,1110101,0.5633802816901409,0,0,0,0,0,0,0,0,0,0,0,0,0,0,0,0,0,0,0,0,/home/jeshkracht/evosuite-report/data/statistics_com.allenstudio.ir.ui.Toolbar-0.csv.gz,0,0,0,0,0,0,0,0,0,0,0,0,0,0,0,0,0,0,0,0.7142857142857143,0.7142857142857143,0.7142857142857143,0.7142857142857143,0.7142857142857143,0.7142857142857143,0.7142857142857143,0.7142857142857143,0.7142857142857143,0.7142857142857143
com.allenstudio.ir.ui.UIResources,0,0,0,2,2,2,2,2,2,541,1.0,1.0,2,,,1421,198,1223,381,0,3,18,2,2,40,50,1398597529402,60,0,0,0,0,0,0,0,0,0,0,0,0,0,0,0,0,0,3,11,0.0,0,0,1,1,0,0,0,0,0,0,0,0,0,0,0,0,0,0,0,0,/home/jeshkracht/evosuite-report/data/statistics_com.allenstudio.ir.ui.UIResources-0.csv.gz,0,0,0,0,0,0,0,0,0,0,0,0,0,0,0,0,0,0,0,1.0,1.0,1.0,1.0,1.0,1.0,1.0,1.0,1.0,1.0
com.allenstudio.ir.ui.action.ActionsManager,1,2,0,1,0,0,0,2,0,0,0.0,0.0,0,,,61047,38,61009,724,0,4,0,0,0,40,50,1398597582807,60,0,0,0,0,0,0,0,0,0,0,0,0,0,0,0,0,0,3,00,1.0,0,0,0,0,0,0,0,0,0,0,0,0,0,0,0,0,0,0,0,0,/home/jeshkracht/evosuite-report/data/statistics_com.allenstudio.ir.ui.action.ActionsManager-0.csv.gz,0,0,0,0,0,0,0,0,0,0,0,0,0,0,0,0,0,0,0,0.0,0.0,0.0,0.0,0.0,0.0,0.0,0.0,0.0,0.0
com.allenstudio.ir.ui.calendar.DateChooser,4,8,5,21,17,15,12,25,17,6903,0.68,0.68,5,,,63629,2522,61107,22696,0,7,109,5,11,40,50,1398597694305,60,0,0,0,0,26,0,0,0,0,1,0,0,0,0,0,0,0,7,1111111111111000100101010,0.5824175824175825,0,0,0,0,0,0,0,0,0,0,0,0,0,0,0,0,0,0,0,0,/home/jeshkracht/evosuite-report/data/statistics_com.allenstudio.ir.ui.calendar.DateChooser-0.csv.gz,0,0,0,0,0,0,0,0,0,0,0,0,0,0,0,0,0,0,0,0.68,0.68,0.68,0.68,0.68,0.68,0.68,0.68,0.68,0.68
com.allenstudio.ir.ui.calendar.MonthlyCalendar,60,120,31,50,30,20,9,150,40,7629,0.26666666666666666,0.26666666666666666,14,,,68031,7016,61015,15079,1,10,199,14,34,40,50,1398597832446,60,0,0,0,0,7,0,0,2,0,1,0,0,0,0,0,0,0,5,100000100110001100100100000100100010000001010100000000000000000000000000000000100001111111101000001111000000000000010100000101100010001000000011010101,0.07792665726375177,0,0,1,1,0,0,0,0,0,0,0,0,0,0,0,0,0,0,0,0,/home/jeshkracht/evosuite-report/data/statistics_com.allenstudio.ir.ui.calendar.MonthlyCalendar-0.csv.gz,0,0,0,0,0,0,0,0,0,0,0,0,0,0,0,0,0,0,0,0.24232277526395174,0.26666666666666666,0.26666666666666666,0.26666666666666666,0.26666666666666666,0.26666666666666666,0.26666666666666666,0.26666666666666666,0.26666666666666666,0.26666666666666666
com.allenstudio.ir.ui.calendar.MonthlyCalendarModel,2,4,2,5,3,5,3,7,5,111590,0.7142857142857143,0.7142857142857143,4,,,61111,112,60999,47132,1,2,10,4,8,40,50,1398597989353,60,0,0,0,0,0,0,0,0,0,0,0,0,0,0,0,0,0,3,1110101,0.14705882352941177,0,0,1,1,0,0,0,0,0,0,0,0,0,0,0,0,0,0,0,0,/home/jeshkracht/evosuite-report/data/statistics_com.allenstudio.ir.ui.calendar.MonthlyCalendarModel-0.csv.gz,0,0,0,0,0,0,0,0,0,0,0,0,0,0,0,0,0,0,0,0.7142857142857143,0.7142857142857143,0.7142857142857143,0.7142857142857143,0.7142857142857143,0.7142857142857143,0.7142857142857143,0.7142857142857143,0.7142857142857143,0.7142857142857143
com.allenstudio.ir.util.InspirentoUtilities,6,12,12,5,2,5,2,14,14,2522,1.0,1.0,4,,,3338,906,2432,910,1,3,64,4,4,40,50,1398598101834,60,0,0,0,0,0,0,0,0,0,0,0,0,0,0,0,0,0,3,11111111111111,0.47619047619047616,0,0,0,0,0,0,0,0,0,0,0,0,0,0,0,0,0,0,0,0,/home/jeshkracht/evosuite-report/data/statistics_com.allenstudio.ir.util.InspirentoUtilities-0.csv.gz,0,0,0,0,0,0,0,0,0,0,0,0,0,0,0,0,0,0,0,1.0,1.0,1.0,1.0,1.0,1.0,1.0,1.0,1.0,1.0
com.allenstudio.ir.util.XmlElement,35,70,48,36,25,34,23,95,71,7679,0.7473684210526316,0.7473684210526316,23,,,110343,48877,61466,48541,0,8,232,23,53,40,50,1398598193058,60,0,0,0,0,0,0,0,0,0,0,0,0,0,0,0,0,0,3,11110110111111111111111111110110110101111100101110110111110111111111101010101110101111101100000,0.3855633802816901,0,0,3,2,0,0,0,0,0,0,0,0,0,0,0,0,0,0,0,0,/home/jeshkracht/evosuite-report/data/statistics_com.allenstudio.ir.util.XmlElement-0.csv.gz,0,0,0,0,0,0,0,0,0,0,0,0,0,0,0,0,0,0,0,0.6947368421052632,0.7473684210526316,0.7473684210526316,0.7473684210526316,0.7473684210526316,0.7473684210526316,0.7473684210526316,0.7473684210526316,0.7473684210526316,0.7473684210526316
com.allenstudio.ir.util.XmlIO,14,28,14,18,14,18,14,42,28,39339,0.6666666666666666,0.6666666666666666,14,,,75576,14559,61017,27634,0,12,230,14,46,40,50,1398598369364,60,0,0,0,0,54,0,0,3,0,2,0,0,0,0,0,0,0,5,111111111111111110000011010011011000010111,0.04198473282442748,0,0,8,3,0,0,0,0,0,0,0,0,0,0,0,0,0,0,0,0,/home/jeshkracht/evosuite-report/data/statistics_com.allenstudio.ir.util.XmlIO-0.csv.gz,0,0,0,0,0,0,0,0,0,0,0,0,0,0,0,0,0,0,0,0.6666666666666666,0.6666666666666666,0.6666666666666666,0.6666666666666666,0.6666666666666666,0.6666666666666666,0.6666666666666666,0.6666666666666666,0.6666666666666666,0.6666666666666666
