Class,Predicates,Total_Branches,Covered_Branches,Total_Methods,Branchless_Methods,Covered_Methods,Covered_Branchless_Methods,Total_Goals,Covered_Goals,Statements_Executed,Coverage,BranchCoverage,NumberOfGeneratedTestCases,DefUseCoverage,WeakMutationScore,Creation_Time,Minimization_Time,Total_Time,Test_Execution_Time,Goal_Computation_Time,Result_Size,Result_Length,Minimized_Size,Minimized_Length,Chromosome_Length,Population_Size,Random_Seed,Budget,AllPermission,SecurityPermission,UnresolvedPermission,AWTPermission,FilePermission,SerializablePermission,ReflectPermission,RuntimePermission,NetPermission,SocketPermission,SQLPermission,PropertyPermission,LoggingPermission,SSLPermission,AuthPermission,AudioPermission,OtherPermission,Threads,Branches,MutationScore,Explicit_MethodExceptions,Explicit_TypeExceptions,Implicit_MethodExceptions,Implicit_TypeExceptions,Error_Predicates,Error_Branches_Covered,Error_Branchless_Methods,Error_Branchless_Methods_Covered,AssertionContract,EqualsContract,EqualsHashcodeContract,EqualsNullContract,EqualsSymmetricContract,HashCodeReturnsNormallyContract,JCrasherExceptionContract,NullPointerExceptionContract,ToStringReturnsNormallyContract,UndeclaredExceptionContract,Contract_Violations,Unique_Violations,Data_File,Definitions,Uses,DefUsePairs,IntraMethodPairs,InterMethodPairs,IntraClassPairs,ParameterPairs,AliasingIntraMethodPairs,AliasingInterMethodPairs,AliasingIntraClassPairs,AliasingParameterPairs,CoveredIntraMethodPairs,CoveredInterMethodPairs,CoveredIntraClassPairs,CoveredParameterPairs,CoveredAliasIntraMethodPairs,CoveredAliasInterMethodPairs,CoveredAliasIntraClassPairs,CoveredAliasParameterPairs,CoverageTimeline_T1,CoverageTimeline_T2,CoverageTimeline_T3,CoverageTimeline_T4,CoverageTimeline_T5,CoverageTimeline_T6,CoverageTimeline_T7,CoverageTimeline_T8,CoverageTimeline_T9,CoverageTimeline_T10
bierse.Bierse,0,0,0,1,1,1,1,1,1,5743,1.0,1.0,1,,,1197,93,1104,729,0,1,11,1,1,40,50,1399762331565,60,0,0,0,0,0,0,0,0,0,0,0,0,0,0,0,0,0,3,1,1.0,0,0,0,0,0,0,0,0,0,0,0,0,0,0,0,0,0,0,0,0,/home/jeshkracht/evosuite-report/data/statistics_bierse.Bierse-0.csv.gz,0,0,0,0,0,0,0,0,0,0,0,0,0,0,0,0,0,0,0,1.0,1.0,1.0,1.0,1.0,1.0,1.0,1.0,1.0,1.0
bierse.controller.DefaultMenuController,2,4,3,4,3,3,2,7,5,11146,0.7142857142857143,0.7142857142857143,2,,,61116,76,61040,9148,0,1,10,2,6,40,50,1399762387505,60,0,0,0,0,2,0,0,0,0,1,0,0,0,0,0,0,0,5,1101011,0.0,0,0,1,1,0,0,0,0,0,0,0,0,0,0,0,0,0,0,0,0,/home/jeshkracht/evosuite-report/data/statistics_bierse.controller.DefaultMenuController-0.csv.gz,0,0,0,0,0,0,0,0,0,0,0,0,0,0,0,0,0,0,0,0.7142857142857143,0.7142857142857143,0.7142857142857143,0.7142857142857143,0.7142857142857143,0.7142857142857143,0.7142857142857143,0.7142857142857143,0.7142857142857143,0.7142857142857143
bierse.controller.DefaultSettingsController,13,26,4,3,1,2,1,27,5,3332,0.18518518518518517,0.18518518518518517,1,,,61504,105,61399,13130,0,1,16,1,3,40,50,1399762511944,60,0,0,0,0,1,0,0,0,0,1,0,0,0,0,0,0,0,5,100000000000000100010101000,0.0,0,0,0,0,0,0,0,0,0,0,0,0,0,0,0,0,0,0,0,0,/home/jeshkracht/evosuite-report/data/statistics_bierse.controller.DefaultSettingsController-0.csv.gz,0,0,0,0,0,0,0,0,0,0,0,0,0,0,0,0,0,0,0,0.18518518518518517,0.18518518518518517,0.18518518518518517,0.18518518518518517,0.18518518518518517,0.18518518518518517,0.18518518518518517,0.18518518518518517,0.18518518518518517,0.18518518518518517
bierse.controller.DefaultTableModelController,3,6,2,2,1,2,1,7,3,30639,0.42857142857142855,0.42857142857142855,2,,,61183,111,61072,9390,0,1,10,2,10,40,50,1399762640166,60,0,0,0,0,0,0,0,1,0,0,0,0,0,0,0,0,0,3,1110000,0.0,0,0,1,1,0,0,0,0,0,0,0,0,0,0,0,0,0,0,0,0,/home/jeshkracht/evosuite-report/data/statistics_bierse.controller.DefaultTableModelController-0.csv.gz,0,0,0,0,0,0,0,0,0,0,0,0,0,0,0,0,0,0,0,0.42857142857142855,0.42857142857142855,0.42857142857142855,0.42857142857142855,0.42857142857142855,0.42857142857142855,0.42857142857142855,0.42857142857142855,0.42857142857142855,0.42857142857142855
bierse.controller.DrinkSellController,4,8,0,4,3,0,0,11,0,0,0.0,0.0,0,,,75643,2936,72707,0,0,9,306,0,0,40,50,1399762765533,60,0,0,0,0,0,0,0,0,0,0,0,0,0,0,0,0,0,3,00000000000,1.0,0,0,0,0,0,0,0,0,0,0,0,0,0,0,0,0,0,0,0,0,/home/jeshkracht/evosuite-report/data/statistics_bierse.controller.DrinkSellController-0.csv.gz,0,0,0,0,0,0,0,0,0,0,0,0,0,0,0,0,0,0,0,0.0,0.0,0.0,0.0,0.0,0.0,0.0,0.0,0.0,0.0
bierse.controller.TriggerThread,2,4,0,2,1,1,1,5,1,23018,0.2,0.2,1,,,61052,49,61003,27324,0,1,4,1,1,40,50,1399762906030,60,0,0,0,0,0,0,0,0,0,0,0,0,0,0,0,0,0,3,10000,0.0,0,0,0,0,0,0,0,0,0,0,0,0,0,0,0,0,0,0,0,0,/home/jeshkracht/evosuite-report/data/statistics_bierse.controller.TriggerThread-0.csv.gz,0,0,0,0,0,0,0,0,0,0,0,0,0,0,0,0,0,0,0,0.2,0.2,0.2,0.2,0.2,0.2,0.2,0.2,0.2,0.2
bierse.model.Model,14,28,0,31,23,1,1,51,1,0,0.0196078431372549,0.0196078431372549,1,,,61093,90,61003,51195,1,1,1,1,1,40,50,1399763025583,60,0,0,0,0,0,0,0,0,0,0,0,0,0,0,0,0,0,3,000000000000000010000000000000000000000000000000000,0.0,0,0,1,1,0,0,0,0,0,0,0,0,0,0,0,0,0,0,0,0,/home/jeshkracht/evosuite-report/data/statistics_bierse.model.Model-0.csv.gz,0,0,0,0,0,0,0,0,0,0,0,0,0,0,0,0,0,0,0,0.0196078431372549,0.0196078431372549,0.0196078431372549,0.0196078431372549,0.0196078431372549,0.0196078431372549,0.0196078431372549,0.0196078431372549,0.0196078431372549,0.0196078431372549
bierse.view.DefaultDrinkSellView,9,18,0,18,12,0,0,30,0,2467,0.0,0.0,0,,,61095,54,61041,8612,1,1,3,0,0,40,50,1399763153995,60,0,0,0,0,1,0,0,0,0,1,0,0,0,0,0,0,0,5,000000000000000000000000000000,1.0,0,0,0,0,0,0,0,0,0,0,0,0,0,0,0,0,0,0,0,0,/home/jeshkracht/evosuite-report/data/statistics_bierse.view.DefaultDrinkSellView-0.csv.gz,0,0,0,0,0,0,0,0,0,0,0,0,0,0,0,0,0,0,0,0.03333333333333333,0.0,0.0,0.0,0.0,0.0,0.0,0.0,0.0,0.0
bierse.view.DefaultInfoView,5,10,0,9,7,1,1,17,1,894,0.058823529411764705,0.058823529411764705,1,,,61068,41,61027,10337,0,1,2,1,1,40,50,1399763279983,60,0,0,0,0,1,0,0,0,0,1,0,0,0,0,0,0,0,5,00000010000000000,0.0,0,0,1,1,0,0,0,0,0,0,0,0,0,0,0,0,0,0,0,0,/home/jeshkracht/evosuite-report/data/statistics_bierse.view.DefaultInfoView-0.csv.gz,0,0,0,0,0,0,0,0,0,0,0,0,0,0,0,0,0,0,0,0.058823529411764705,0.058823529411764705,0.058823529411764705,0.058823529411764705,0.058823529411764705,0.058823529411764705,0.058823529411764705,0.058823529411764705,0.058823529411764705,0.058823529411764705
bierse.view.DefaultInfoViewMouseListener,2,4,0,8,7,0,0,11,0,0,0.0,0.0,0,,,72278,3091,69187,0,1,6,174,0,0,40,50,1399763406453,60,0,0,0,0,0,0,0,0,0,0,0,0,0,0,0,0,0,5,00000000000,1.0,0,0,0,0,0,0,0,0,0,0,0,0,0,0,0,0,0,0,0,0,/home/jeshkracht/evosuite-report/data/statistics_bierse.view.DefaultInfoViewMouseListener-0.csv.gz,0,0,0,0,0,0,0,0,0,0,0,0,0,0,0,0,0,0,0,0.0,0.0,0.0,0.0,0.0,0.0,0.0,0.0,0.0,0.0
bierse.view.DefaultSettingsView,10,20,0,24,21,0,0,41,0,713,0.0,0.0,0,,,61072,62,61010,2670,1,1,2,0,0,40,50,1399763540078,60,0,0,0,0,0,0,0,0,0,0,0,0,0,0,0,0,0,3,00000000000000000000000000000000000000000,1.0,0,0,0,0,0,0,0,0,0,0,0,0,0,0,0,0,0,0,0,0,/home/jeshkracht/evosuite-report/data/statistics_bierse.view.DefaultSettingsView-0.csv.gz,0,0,0,0,0,0,0,0,0,0,0,0,0,0,0,0,0,0,0,0.0,0.0,0.0,0.0,0.0,0.0,0.0,0.0,0.0,0.0
bierse.view.KeyMapComboBoxModel,13,26,20,2,1,2,1,27,21,18698,0.7777777777777778,0.7777777777777778,8,,,63018,2013,61005,20652,0,5,118,8,8,40,50,1399763670411,60,0,0,0,0,1,0,0,0,0,4,0,0,0,0,0,0,0,5,101110111010111011111110111,0.5384615384615384,0,0,0,0,0,0,0,0,0,0,0,0,0,0,0,0,0,0,0,0,/home/jeshkracht/evosuite-report/data/statistics_bierse.view.KeyMapComboBoxModel-0.csv.gz,0,0,0,0,0,0,0,0,0,0,0,0,0,0,0,0,0,0,0,0.7777777777777778,0.7777777777777778,0.7777777777777778,0.7777777777777778,0.7777777777777778,0.7777777777777778,0.7777777777777778,0.7777777777777778,0.7777777777777778,0.7777777777777778
bierse.view.MyKeyMap,0,0,0,4,4,4,4,4,4,5514,1.0,1.0,2,,,2054,124,1930,907,0,4,26,2,4,40,50,1399763796869,60,0,0,0,0,0,0,0,0,0,0,0,0,0,0,0,0,0,3,1111,1.0,0,0,0,0,0,0,0,0,0,0,0,0,0,0,0,0,0,0,0,0,/home/jeshkracht/evosuite-report/data/statistics_bierse.view.MyKeyMap-0.csv.gz,0,0,0,0,0,0,0,0,0,0,0,0,0,0,0,0,0,0,0,1.0,1.0,1.0,1.0,1.0,1.0,1.0,1.0,1.0,1.0
bierse.view.RunningMessagePanel,3,6,2,7,4,6,4,10,6,20278,0.6,0.6,5,,,61565,490,61075,11648,0,8,155,5,11,40,50,1399763853682,60,0,0,0,0,9,0,0,1,0,1,0,0,0,0,0,0,0,15,1111001010,0.182648401826484,0,0,1,1,0,0,0,0,0,0,0,0,0,0,0,0,0,0,0,0,/home/jeshkracht/evosuite-report/data/statistics_bierse.view.RunningMessagePanel-0.csv.gz,0,0,0,0,0,0,0,0,0,0,0,0,0,0,0,0,0,0,0,0.7,0.6,0.6,0.6,0.6,0.6,0.6,0.6,0.6,0.6
