Class,Predicates,Total_Branches,Covered_Branches,Total_Methods,Branchless_Methods,Covered_Methods,Covered_Branchless_Methods,Total_Goals,Covered_Goals,Statements_Executed,Coverage,BranchCoverage,NumberOfGeneratedTestCases,DefUseCoverage,WeakMutationScore,Creation_Time,Minimization_Time,Total_Time,Test_Execution_Time,Goal_Computation_Time,Result_Size,Result_Length,Minimized_Size,Minimized_Length,Chromosome_Length,Population_Size,Random_Seed,Budget,AllPermission,SecurityPermission,UnresolvedPermission,AWTPermission,FilePermission,SerializablePermission,ReflectPermission,RuntimePermission,NetPermission,SocketPermission,SQLPermission,PropertyPermission,LoggingPermission,SSLPermission,AuthPermission,AudioPermission,OtherPermission,Threads,Branches,MutationScore,Explicit_MethodExceptions,Explicit_TypeExceptions,Implicit_MethodExceptions,Implicit_TypeExceptions,Error_Predicates,Error_Branches_Covered,Error_Branchless_Methods,Error_Branchless_Methods_Covered,AssertionContract,EqualsContract,EqualsHashcodeContract,EqualsNullContract,EqualsSymmetricContract,HashCodeReturnsNormallyContract,JCrasherExceptionContract,NullPointerExceptionContract,ToStringReturnsNormallyContract,UndeclaredExceptionContract,Contract_Violations,Unique_Violations,Data_File,Definitions,Uses,DefUsePairs,IntraMethodPairs,InterMethodPairs,IntraClassPairs,ParameterPairs,AliasingIntraMethodPairs,AliasingInterMethodPairs,AliasingIntraClassPairs,AliasingParameterPairs,CoveredIntraMethodPairs,CoveredInterMethodPairs,CoveredIntraClassPairs,CoveredParameterPairs,CoveredAliasIntraMethodPairs,CoveredAliasInterMethodPairs,CoveredAliasIntraClassPairs,CoveredAliasParameterPairs,CoverageTimeline_T1,CoverageTimeline_T2,CoverageTimeline_T3,CoverageTimeline_T4,CoverageTimeline_T5,CoverageTimeline_T6,CoverageTimeline_T7,CoverageTimeline_T8,CoverageTimeline_T9,CoverageTimeline_T10
br.com.jnfe.base.CRT,0,0,0,1,1,1,1,1,1,2541,1.0,1.0,1,,,2603,230,2373,928,0,2,35,1,2,40,50,1398638992124,60,0,0,0,0,0,0,0,0,0,0,0,0,0,0,0,0,0,3,1,0.25,0,0,0,0,0,0,0,0,0,0,0,0,0,0,0,0,0,0,0,0,/home/jeshkracht/evosuite-report/data/statistics_br.com.jnfe.base.CRT-0.csv.gz,0,0,0,0,0,0,0,0,0,0,0,0,0,0,0,0,0,0,0,1.0,1.0,1.0,1.0,1.0,1.0,1.0,1.0,1.0,1.0
br.com.jnfe.base.CST_COFINS,2,4,4,5,4,5,4,8,8,2499,1.0,1.0,6,,,3970,1282,2688,823,0,3,31,6,12,40,50,1398639048982,60,0,0,0,0,0,0,0,0,0,0,0,0,0,0,0,0,0,3,11111111,0.375,0,0,0,0,0,0,0,0,0,0,0,0,0,0,0,0,0,0,0,0,/home/jeshkracht/evosuite-report/data/statistics_br.com.jnfe.base.CST_COFINS-0.csv.gz,0,0,0,0,0,0,0,0,0,0,0,0,0,0,0,0,0,0,0,1.0,1.0,1.0,1.0,1.0,1.0,1.0,1.0,1.0,1.0
br.com.jnfe.base.CST_Grupo,2,4,4,5,4,5,4,8,8,2754,1.0,1.0,6,,,5064,1852,3212,892,0,6,82,6,12,40,50,1398639115017,60,0,0,0,0,0,0,0,0,0,0,0,0,0,0,0,0,0,3,11111111,0.38,0,0,0,0,0,0,0,0,0,0,0,0,0,0,0,0,0,0,0,0,/home/jeshkracht/evosuite-report/data/statistics_br.com.jnfe.base.CST_Grupo-0.csv.gz,0,0,0,0,0,0,0,0,0,0,0,0,0,0,0,0,0,0,0,1.0,1.0,1.0,1.0,1.0,1.0,1.0,1.0,1.0,1.0
br.com.jnfe.base.CST_IPI,0,0,0,4,4,4,4,4,4,2971,1.0,1.0,4,,,3736,771,2965,979,0,1,20,4,8,40,50,1398639187977,60,0,0,0,0,0,0,0,0,0,0,0,0,0,0,0,0,0,3,1111,0.21428571428571427,0,0,0,0,0,0,0,0,0,0,0,0,0,0,0,0,0,0,0,0,/home/jeshkracht/evosuite-report/data/statistics_br.com.jnfe.base.CST_IPI-0.csv.gz,0,0,0,0,0,0,0,0,0,0,0,0,0,0,0,0,0,0,0,1.0,1.0,1.0,1.0,1.0,1.0,1.0,1.0,1.0,1.0
br.com.jnfe.base.CST_PIS,2,4,4,5,4,5,4,8,8,2859,1.0,1.0,6,,,3854,905,2949,1013,0,9,114,6,12,40,50,1398639243569,60,0,0,0,0,0,0,0,0,0,0,0,0,0,0,0,0,0,3,11111111,0.425,0,0,0,0,0,0,0,0,0,0,0,0,0,0,0,0,0,0,0,0,/home/jeshkracht/evosuite-report/data/statistics_br.com.jnfe.base.CST_PIS-0.csv.gz,0,0,0,0,0,0,0,0,0,0,0,0,0,0,0,0,0,0,0,1.0,1.0,1.0,1.0,1.0,1.0,1.0,1.0,1.0,1.0
br.com.jnfe.base.CStat,0,0,0,3,3,3,3,3,3,3171,1.0,1.0,3,,,10414,1329,9085,869,0,2,28,3,6,40,50,1398639306598,60,0,0,0,0,0,0,0,0,0,0,0,0,0,0,0,0,0,3,111,0.75,0,0,0,0,0,0,0,0,0,0,0,0,0,0,0,0,0,0,0,0,/home/jeshkracht/evosuite-report/data/statistics_br.com.jnfe.base.CStat-0.csv.gz,0,0,0,0,0,0,0,0,0,0,0,0,0,0,0,0,0,0,0,1.0,1.0,1.0,1.0,1.0,1.0,1.0,1.0,1.0,1.0
br.com.jnfe.base.C_ICMS,0,0,0,7,7,7,7,7,7,2795,1.0,1.0,6,,,6680,2603,4077,972,0,1,35,6,12,40,50,1398639368986,60,0,0,0,0,0,0,0,0,0,0,0,0,0,0,0,0,0,3,1111111,0.46153846153846156,0,0,0,0,0,0,0,0,0,0,0,0,0,0,0,0,0,0,0,0,/home/jeshkracht/evosuite-report/data/statistics_br.com.jnfe.base.C_ICMS-0.csv.gz,0,0,0,0,0,0,0,0,0,0,0,0,0,0,0,0,0,0,0,1.0,1.0,1.0,1.0,1.0,1.0,1.0,1.0,1.0,1.0
br.com.jnfe.base.ConsReciNFe,0,0,0,7,7,7,7,7,7,6080,1.0,1.0,6,,,3008,655,2353,1055,0,2,27,6,12,40,50,1398639429567,60,0,0,0,0,0,0,0,0,0,0,0,0,0,0,0,0,0,3,1111111,0.0,0,0,0,0,0,0,0,0,0,0,0,0,0,0,0,0,0,0,0,0,/home/jeshkracht/evosuite-report/data/statistics_br.com.jnfe.base.ConsReciNFe-0.csv.gz,0,0,0,0,0,0,0,0,0,0,0,0,0,0,0,0,0,0,0,1.0,1.0,1.0,1.0,1.0,1.0,1.0,1.0,1.0,1.0
br.com.jnfe.base.ContribICMS,0,0,0,1,1,1,1,1,1,2047,1.0,1.0,1,,,1815,36,1779,443,0,1,5,1,2,40,50,1398639484721,60,0,0,0,0,0,0,0,0,0,0,0,0,0,0,0,0,0,3,1,0.25,0,0,0,0,0,0,0,0,0,0,0,0,0,0,0,0,0,0,0,0,/home/jeshkracht/evosuite-report/data/statistics_br.com.jnfe.base.ContribICMS-0.csv.gz,0,0,0,0,0,0,0,0,0,0,0,0,0,0,0,0,0,0,0,1.0,1.0,1.0,1.0,1.0,1.0,1.0,1.0,1.0,1.0
br.com.jnfe.base.FinNFe,0,0,0,1,1,1,1,1,1,1622,1.0,1.0,1,,,1811,227,1584,475,0,1,25,1,2,40,50,1398639541704,60,0,0,0,0,0,0,0,0,0,0,0,0,0,0,0,0,0,3,1,0.25,0,0,0,0,0,0,0,0,0,0,0,0,0,0,0,0,0,0,0,0,/home/jeshkracht/evosuite-report/data/statistics_br.com.jnfe.base.FinNFe-0.csv.gz,0,0,0,0,0,0,0,0,0,0,0,0,0,0,0,0,0,0,0,1.0,1.0,1.0,1.0,1.0,1.0,1.0,1.0,1.0,1.0
br.com.jnfe.base.IndPag,0,0,0,1,1,1,1,1,1,1971,1.0,1.0,1,,,1783,33,1750,470,0,1,4,1,2,40,50,1398639597120,60,0,0,0,0,0,0,0,0,0,0,0,0,0,0,0,0,0,3,1,0.25,0,0,0,0,0,0,0,0,0,0,0,0,0,0,0,0,0,0,0,0,/home/jeshkracht/evosuite-report/data/statistics_br.com.jnfe.base.IndPag-0.csv.gz,0,0,0,0,0,0,0,0,0,0,0,0,0,0,0,0,0,0,0,1.0,1.0,1.0,1.0,1.0,1.0,1.0,1.0,1.0,1.0
br.com.jnfe.base.IndTot,0,0,0,1,1,1,1,1,1,1775,1.0,1.0,1,,,1925,108,1817,710,0,3,20,1,2,40,50,1398639650188,60,0,0,0,0,0,0,0,0,0,0,0,0,0,0,0,0,0,3,1,0.5714285714285714,0,0,0,0,0,0,0,0,0,0,0,0,0,0,0,0,0,0,0,0,/home/jeshkracht/evosuite-report/data/statistics_br.com.jnfe.base.IndTot-0.csv.gz,0,0,0,0,0,0,0,0,0,0,0,0,0,0,0,0,0,0,0,1.0,1.0,1.0,1.0,1.0,1.0,1.0,1.0,1.0,1.0
br.com.jnfe.base.ModBC,0,0,0,1,1,1,1,1,1,2222,1.0,1.0,1,,,1920,140,1780,465,0,3,18,1,2,40,50,1398639703483,60,0,0,0,0,0,0,0,0,0,0,0,0,0,0,0,0,0,3,1,0.25,0,0,0,0,0,0,0,0,0,0,0,0,0,0,0,0,0,0,0,0,/home/jeshkracht/evosuite-report/data/statistics_br.com.jnfe.base.ModBC-0.csv.gz,0,0,0,0,0,0,0,0,0,0,0,0,0,0,0,0,0,0,0,1.0,1.0,1.0,1.0,1.0,1.0,1.0,1.0,1.0,1.0
br.com.jnfe.base.ModBCST,0,0,0,1,1,1,1,1,1,2329,1.0,1.0,1,,,2496,234,2262,773,0,1,23,1,2,40,50,1398639756559,60,0,0,0,0,0,0,0,0,0,0,0,0,0,0,0,0,0,3,1,0.25,0,0,0,0,0,0,0,0,0,0,0,0,0,0,0,0,0,0,0,0,/home/jeshkracht/evosuite-report/data/statistics_br.com.jnfe.base.ModBCST-0.csv.gz,0,0,0,0,0,0,0,0,0,0,0,0,0,0,0,0,0,0,0,1.0,1.0,1.0,1.0,1.0,1.0,1.0,1.0,1.0,1.0
br.com.jnfe.base.ModFrete,0,0,0,1,1,1,1,1,1,2147,1.0,1.0,1,,,2232,213,2019,733,0,2,25,1,2,40,50,1398639810643,60,0,0,0,0,0,0,0,0,0,0,0,0,0,0,0,0,0,3,1,0.25,0,0,0,0,0,0,0,0,0,0,0,0,0,0,0,0,0,0,0,0,/home/jeshkracht/evosuite-report/data/statistics_br.com.jnfe.base.ModFrete-0.csv.gz,0,0,0,0,0,0,0,0,0,0,0,0,0,0,0,0,0,0,0,1.0,1.0,1.0,1.0,1.0,1.0,1.0,1.0,1.0,1.0
br.com.jnfe.base.ModeloNFe,0,0,0,1,1,1,1,1,1,2005,1.0,1.0,1,,,2188,128,2060,516,0,1,12,1,2,40,50,1398639867116,60,0,0,0,0,0,0,0,0,0,0,0,0,0,0,0,0,0,3,1,0.6666666666666666,0,0,0,0,0,0,0,0,0,0,0,0,0,0,0,0,0,0,0,0,/home/jeshkracht/evosuite-report/data/statistics_br.com.jnfe.base.ModeloNFe-0.csv.gz,0,0,0,0,0,0,0,0,0,0,0,0,0,0,0,0,0,0,0,1.0,1.0,1.0,1.0,1.0,1.0,1.0,1.0,1.0,1.0
br.com.jnfe.base.MotDesICMS,0,0,0,1,1,1,1,1,1,2580,1.0,1.0,1,,,2386,241,2145,593,0,2,26,1,2,40,50,1398639922456,60,0,0,0,0,0,0,0,0,0,0,0,0,0,0,0,0,0,3,1,0.25,0,0,0,0,0,0,0,0,0,0,0,0,0,0,0,0,0,0,0,0,/home/jeshkracht/evosuite-report/data/statistics_br.com.jnfe.base.MotDesICMS-0.csv.gz,0,0,0,0,0,0,0,0,0,0,0,0,0,0,0,0,0,0,0,1.0,1.0,1.0,1.0,1.0,1.0,1.0,1.0,1.0,1.0
br.com.jnfe.base.Orig,0,0,0,3,3,3,3,3,3,2218,1.0,1.0,3,,,2340,255,2085,851,0,2,16,3,6,40,50,1398639977061,60,0,0,0,0,0,0,0,0,0,0,0,0,0,0,0,0,0,3,111,0.2,0,0,0,0,0,0,0,0,0,0,0,0,0,0,0,0,0,0,0,0,/home/jeshkracht/evosuite-report/data/statistics_br.com.jnfe.base.Orig-0.csv.gz,0,0,0,0,0,0,0,0,0,0,0,0,0,0,0,0,0,0,0,1.0,1.0,1.0,1.0,1.0,1.0,1.0,1.0,1.0,1.0
br.com.jnfe.base.ProcEmi,0,0,0,1,1,1,1,1,1,2171,1.0,1.0,1,,,2448,244,2204,955,0,1,21,1,2,40,50,1398640032201,60,0,0,0,0,0,0,0,0,0,0,0,0,0,0,0,0,0,3,1,0.25,0,0,0,0,0,0,0,0,0,0,0,0,0,0,0,0,0,0,0,0,/home/jeshkracht/evosuite-report/data/statistics_br.com.jnfe.base.ProcEmi-0.csv.gz,0,0,0,0,0,0,0,0,0,0,0,0,0,0,0,0,0,0,0,1.0,1.0,1.0,1.0,1.0,1.0,1.0,1.0,1.0,1.0
br.com.jnfe.base.RegimeEspecialTributario,0,0,0,1,1,1,1,1,1,2659,1.0,1.0,1,,,2647,98,2549,834,0,1,7,1,2,40,50,1398640088478,60,0,0,0,0,0,0,0,0,0,0,0,0,0,0,0,0,0,3,1,0.25,0,0,0,0,0,0,0,0,0,0,0,0,0,0,0,0,0,0,0,0,/home/jeshkracht/evosuite-report/data/statistics_br.com.jnfe.base.RegimeEspecialTributario-0.csv.gz,0,0,0,0,0,0,0,0,0,0,0,0,0,0,0,0,0,0,0,1.0,1.0,1.0,1.0,1.0,1.0,1.0,1.0,1.0,1.0
br.com.jnfe.base.SitNFe,0,0,0,3,3,3,3,3,3,3702,1.0,1.0,3,,,3122,716,2406,830,0,3,60,3,6,40,50,1398640143653,60,0,0,0,0,0,0,0,0,0,0,0,0,0,0,0,0,0,3,111,0.1875,0,0,0,0,0,0,0,0,0,0,0,0,0,0,0,0,0,0,0,0,/home/jeshkracht/evosuite-report/data/statistics_br.com.jnfe.base.SitNFe-0.csv.gz,0,0,0,0,0,0,0,0,0,0,0,0,0,0,0,0,0,0,0,1.0,1.0,1.0,1.0,1.0,1.0,1.0,1.0,1.0,1.0
br.com.jnfe.base.TProvince,0,0,0,6,6,6,6,6,6,5933,1.0,1.0,3,,,2750,347,2403,1150,0,2,26,3,6,40,50,1398640199062,60,0,0,0,0,0,0,0,0,0,0,0,0,0,0,0,0,0,3,111111,0.6923076923076923,0,0,0,0,0,0,0,0,0,0,0,0,0,0,0,0,0,0,0,0,/home/jeshkracht/evosuite-report/data/statistics_br.com.jnfe.base.TProvince-0.csv.gz,0,0,0,0,0,0,0,0,0,0,0,0,0,0,0,0,0,0,0,1.0,1.0,1.0,1.0,1.0,1.0,1.0,1.0,1.0,1.0
br.com.jnfe.base.TUFs,1,2,2,2,1,2,1,3,3,5264,1.0,1.0,1,,,1276,89,1187,644,0,1,5,1,3,40,50,1398640254481,60,0,0,0,0,0,0,0,0,0,0,0,0,0,0,0,0,0,3,111,1.0,0,0,0,0,0,0,0,0,0,0,0,0,0,0,0,0,0,0,0,0,/home/jeshkracht/evosuite-report/data/statistics_br.com.jnfe.base.TUFs-0.csv.gz,0,0,0,0,0,0,0,0,0,0,0,0,0,0,0,0,0,0,0,1.0,1.0,1.0,1.0,1.0,1.0,1.0,1.0,1.0,1.0
br.com.jnfe.base.TpAmb,0,0,0,2,2,2,2,2,2,1167,1.0,1.0,2,,,2546,535,2011,655,0,1,39,2,4,40,50,1398640307239,60,0,0,0,0,0,0,0,0,0,0,0,0,0,0,0,0,0,3,11,0.5,0,0,0,0,0,0,0,0,0,0,0,0,0,0,0,0,0,0,0,0,/home/jeshkracht/evosuite-report/data/statistics_br.com.jnfe.base.TpAmb-0.csv.gz,0,0,0,0,0,0,0,0,0,0,0,0,0,0,0,0,0,0,0,1.0,1.0,1.0,1.0,1.0,1.0,1.0,1.0,1.0,1.0
br.com.jnfe.base.TpDet,0,0,0,2,2,2,2,2,2,2147,1.0,1.0,2,,,2179,301,1878,575,0,2,57,2,4,40,50,1398640362075,60,0,0,0,0,0,0,0,0,0,0,0,0,0,0,0,0,0,3,11,0.3333333333333333,0,0,0,0,0,0,0,0,0,0,0,0,0,0,0,0,0,0,0,0,/home/jeshkracht/evosuite-report/data/statistics_br.com.jnfe.base.TpDet-0.csv.gz,0,0,0,0,0,0,0,0,0,0,0,0,0,0,0,0,0,0,0,1.0,1.0,1.0,1.0,1.0,1.0,1.0,1.0,1.0,1.0
br.com.jnfe.base.TpEmis,0,0,0,1,1,1,1,1,1,2303,1.0,1.0,1,,,2291,143,2148,715,0,4,53,1,2,40,50,1398640417929,60,0,0,0,0,0,0,0,0,0,0,0,0,0,0,0,0,0,3,1,0.25,0,0,0,0,0,0,0,0,0,0,0,0,0,0,0,0,0,0,0,0,/home/jeshkracht/evosuite-report/data/statistics_br.com.jnfe.base.TpEmis-0.csv.gz,0,0,0,0,0,0,0,0,0,0,0,0,0,0,0,0,0,0,0,1.0,1.0,1.0,1.0,1.0,1.0,1.0,1.0,1.0,1.0
br.com.jnfe.base.TpImp,0,0,0,1,1,1,1,1,1,1972,1.0,1.0,1,,,2219,163,2056,820,0,1,17,1,2,40,50,1398640472461,60,0,0,0,0,0,0,0,0,0,0,0,0,0,0,0,0,0,3,1,0.25,0,0,0,0,0,0,0,0,0,0,0,0,0,0,0,0,0,0,0,0,/home/jeshkracht/evosuite-report/data/statistics_br.com.jnfe.base.TpImp-0.csv.gz,0,0,0,0,0,0,0,0,0,0,0,0,0,0,0,0,0,0,0,1.0,1.0,1.0,1.0,1.0,1.0,1.0,1.0,1.0,1.0
br.com.jnfe.base.TpNF,0,0,0,1,1,1,1,1,1,2048,1.0,1.0,1,,,2295,205,2090,845,0,1,21,1,2,40,50,1398640527524,60,0,0,0,0,0,0,0,0,0,0,0,0,0,0,0,0,0,3,1,0.25,0,0,0,0,0,0,0,0,0,0,0,0,0,0,0,0,0,0,0,0,/home/jeshkracht/evosuite-report/data/statistics_br.com.jnfe.base.TpNF-0.csv.gz,0,0,0,0,0,0,0,0,0,0,0,0,0,0,0,0,0,0,0,1.0,1.0,1.0,1.0,1.0,1.0,1.0,1.0,1.0,1.0
br.com.jnfe.base.TpObsNFe,0,0,0,1,1,1,1,1,1,1672,1.0,1.0,1,,,1996,269,1727,526,0,1,32,1,2,40,50,1398640582440,60,0,0,0,0,0,0,0,0,0,0,0,0,0,0,0,0,0,3,1,0.25,0,0,0,0,0,0,0,0,0,0,0,0,0,0,0,0,0,0,0,0,/home/jeshkracht/evosuite-report/data/statistics_br.com.jnfe.base.TpObsNFe-0.csv.gz,0,0,0,0,0,0,0,0,0,0,0,0,0,0,0,0,0,0,0,1.0,1.0,1.0,1.0,1.0,1.0,1.0,1.0,1.0,1.0
br.com.jnfe.base.TpSerie,3,6,6,3,2,4,2,8,8,1636,1.0,1.0,2,,,2360,517,1843,454,0,5,81,2,2,40,50,1398640636589,60,0,0,0,0,0,0,0,0,0,0,0,0,0,0,0,0,0,3,11111111,0.21621621621621623,1,1,0,0,0,0,0,0,0,0,0,0,0,0,0,0,0,0,0,0,/home/jeshkracht/evosuite-report/data/statistics_br.com.jnfe.base.TpSerie-0.csv.gz,0,0,0,0,0,0,0,0,0,0,0,0,0,0,0,0,0,0,0,1.0,1.0,1.0,1.0,1.0,1.0,1.0,1.0,1.0,1.0
br.com.jnfe.base.TpServico,0,0,0,2,2,2,2,2,2,2492,1.0,1.0,2,,,3067,575,2492,905,0,2,49,2,4,40,50,1398640715565,60,0,0,0,0,0,0,0,0,0,0,0,0,0,0,0,0,0,3,11,0.4,0,0,0,0,0,0,0,0,0,0,0,0,0,0,0,0,0,0,0,0,/home/jeshkracht/evosuite-report/data/statistics_br.com.jnfe.base.TpServico-0.csv.gz,0,0,0,0,0,0,0,0,0,0,0,0,0,0,0,0,0,0,0,1.0,1.0,1.0,1.0,1.0,1.0,1.0,1.0,1.0,1.0
br.com.jnfe.base.TpVeiculo,0,0,0,1,1,1,1,1,1,1731,1.0,1.0,1,,,1753,148,1605,446,0,2,34,1,2,40,50,1398640772080,60,0,0,0,0,0,0,0,0,0,0,0,0,0,0,0,0,0,3,1,0.25,0,0,0,0,0,0,0,0,0,0,0,0,0,0,0,0,0,0,0,0,/home/jeshkracht/evosuite-report/data/statistics_br.com.jnfe.base.TpVeiculo-0.csv.gz,0,0,0,0,0,0,0,0,0,0,0,0,0,0,0,0,0,0,0,1.0,1.0,1.0,1.0,1.0,1.0,1.0,1.0,1.0,1.0
br.com.jnfe.base.UF,2,4,4,3,2,4,2,6,6,2206,1.0,1.0,3,,,5963,884,5079,1138,0,5,97,3,4,40,50,1398640830023,60,0,0,0,0,0,0,0,0,0,0,0,0,0,0,0,0,0,3,111111,0.37037037037037035,0,0,0,0,0,0,0,0,0,0,0,0,0,0,0,0,0,0,0,0,/home/jeshkracht/evosuite-report/data/statistics_br.com.jnfe.base.UF-0.csv.gz,0,0,0,0,0,0,0,0,0,0,0,0,0,0,0,0,0,0,0,1.0,1.0,1.0,1.0,1.0,1.0,1.0,1.0,1.0,1.0
br.com.jnfe.base.adapter.AbstractNFeAdapter,0,0,0,2,2,0,0,2,0,0,0.0,0.0,0,,,61041,40,61001,756,0,9,0,0,0,40,50,1398640903581,60,0,0,0,0,0,0,0,0,0,0,0,0,0,0,0,0,0,3,00,1.0,0,0,0,0,0,0,0,0,0,0,0,0,0,0,0,0,0,0,0,0,/home/jeshkracht/evosuite-report/data/statistics_br.com.jnfe.base.adapter.AbstractNFeAdapter-0.csv.gz,0,0,0,0,0,0,0,0,0,0,0,0,0,0,0,0,0,0,0,0.0,0.0,0.0,0.0,0.0,0.0,0.0,0.0,0.0,0.0
br.com.jnfe.base.adapter.dom.AbstractNFeDOMAdapter,0,0,0,4,4,0,0,4,0,0,0.0,0.0,0,,,61066,63,61003,800,0,9,0,0,0,40,50,1398641014657,60,0,0,0,0,0,0,0,0,0,0,0,0,0,0,0,0,0,3,0000,1.0,0,0,0,0,0,0,0,0,0,0,0,0,0,0,0,0,0,0,0,0,/home/jeshkracht/evosuite-report/data/statistics_br.com.jnfe.base.adapter.dom.AbstractNFeDOMAdapter-0.csv.gz,0,0,0,0,0,0,0,0,0,0,0,0,0,0,0,0,0,0,0,0.0,0.0,0.0,0.0,0.0,0.0,0.0,0.0,0.0,0.0
br.com.jnfe.base.service.DOMNFeKeyInfoBuilder,0,0,0,3,3,3,3,3,3,1633,1.0,1.0,2,,,3552,566,2986,1150,0,2,34,2,4,40,50,1398641142207,60,0,0,0,0,0,0,0,0,0,8,0,0,0,0,0,0,0,3,111,0.0,0,0,1,1,0,0,0,0,0,0,0,0,0,0,0,0,0,0,0,0,/home/jeshkracht/evosuite-report/data/statistics_br.com.jnfe.base.service.DOMNFeKeyInfoBuilder-0.csv.gz,0,0,0,0,0,0,0,0,0,0,0,0,0,0,0,0,0,0,0,1.0,1.0,1.0,1.0,1.0,1.0,1.0,1.0,1.0,1.0
br.com.jnfe.base.service.DOMNFeSignatureHandler,3,6,4,6,5,5,4,11,8,28012,0.7272727272727273,0.7272727272727273,4,,,61063,60,61003,9081,0,4,21,4,12,40,50,1398641208640,60,0,0,0,0,0,0,0,0,0,8,0,0,0,0,0,0,0,3,01111011101,0.0,0,0,1,1,0,0,0,0,0,0,0,0,0,0,0,0,0,0,0,0,/home/jeshkracht/evosuite-report/data/statistics_br.com.jnfe.base.service.DOMNFeSignatureHandler-0.csv.gz,0,0,0,0,0,0,0,0,0,0,0,0,0,0,0,0,0,0,0,0.7272727272727273,0.7272727272727273,0.7272727272727273,0.7272727272727273,0.7272727272727273,0.7272727272727273,0.7272727272727273,0.7272727272727273,0.7272727272727273,0.7272727272727273
br.com.jnfe.base.service.NFeCalculatorImpl,7,14,4,9,4,6,4,18,8,21883,0.4444444444444444,0.4444444444444444,6,,,61267,266,61001,9623,0,7,51,6,15,40,50,1398641327749,60,0,0,0,0,0,0,0,0,0,8,0,0,0,0,0,0,0,3,111111110000000000,0.0875,1,1,2,1,0,0,0,0,0,0,0,0,0,0,0,0,0,0,0,0,/home/jeshkracht/evosuite-report/data/statistics_br.com.jnfe.base.service.NFeCalculatorImpl-0.csv.gz,0,0,0,0,0,0,0,0,0,0,0,0,0,0,0,0,0,0,0,0.4444444444444444,0.4444444444444444,0.4444444444444444,0.4444444444444444,0.4444444444444444,0.4444444444444444,0.4444444444444444,0.4444444444444444,0.4444444444444444,0.4444444444444444
