Class,Predicates,Total_Branches,Covered_Branches,Total_Methods,Branchless_Methods,Covered_Methods,Covered_Branchless_Methods,Total_Goals,Covered_Goals,Statements_Executed,Coverage,BranchCoverage,NumberOfGeneratedTestCases,DefUseCoverage,WeakMutationScore,Creation_Time,Minimization_Time,Total_Time,Test_Execution_Time,Goal_Computation_Time,Result_Size,Result_Length,Minimized_Size,Minimized_Length,Chromosome_Length,Population_Size,Random_Seed,Budget,AllPermission,SecurityPermission,UnresolvedPermission,AWTPermission,FilePermission,SerializablePermission,ReflectPermission,RuntimePermission,NetPermission,SocketPermission,SQLPermission,PropertyPermission,LoggingPermission,SSLPermission,AuthPermission,AudioPermission,OtherPermission,Threads,Branches,MutationScore,Explicit_MethodExceptions,Explicit_TypeExceptions,Implicit_MethodExceptions,Implicit_TypeExceptions,Error_Predicates,Error_Branches_Covered,Error_Branchless_Methods,Error_Branchless_Methods_Covered,AssertionContract,EqualsContract,EqualsHashcodeContract,EqualsNullContract,EqualsSymmetricContract,HashCodeReturnsNormallyContract,JCrasherExceptionContract,NullPointerExceptionContract,ToStringReturnsNormallyContract,UndeclaredExceptionContract,Contract_Violations,Unique_Violations,Data_File,Definitions,Uses,DefUsePairs,IntraMethodPairs,InterMethodPairs,IntraClassPairs,ParameterPairs,AliasingIntraMethodPairs,AliasingInterMethodPairs,AliasingIntraClassPairs,AliasingParameterPairs,CoveredIntraMethodPairs,CoveredInterMethodPairs,CoveredIntraClassPairs,CoveredParameterPairs,CoveredAliasIntraMethodPairs,CoveredAliasInterMethodPairs,CoveredAliasIntraClassPairs,CoveredAliasParameterPairs,CoverageTimeline_T1,CoverageTimeline_T2,CoverageTimeline_T3,CoverageTimeline_T4,CoverageTimeline_T5,CoverageTimeline_T6,CoverageTimeline_T7,CoverageTimeline_T8,CoverageTimeline_T9,CoverageTimeline_T10
com.allenstudio.ir.core.ConfigurationManager,6,12,1,10,5,1,0,17,1,1745,0.058823529411764705,0.058823529411764705,1,,,98541,28152,70389,1606,0,3,67,1,1,40,50,1398585015732,60,0,0,0,0,74,0,0,2,0,0,0,0,0,0,0,0,0,3,00000000000000100,0.0,0,0,0,0,0,0,0,0,0,0,0,0,0,0,0,0,0,0,0,0,/home/jeshkracht/evosuite-report/data/statistics_com.allenstudio.ir.core.ConfigurationManager-0.csv.gz,0,0,0,0,0,0,0,0,0,0,0,0,0,0,0,0,0,0,0,0.3356689856951683,0.058823529411764705,0.058823529411764705,0.058823529411764705,0.058823529411764705,0.058823529411764705,0.058823529411764705,0.058823529411764705,0.058823529411764705,0.058823529411764705
com.allenstudio.ir.core.PluginManager,3,6,1,8,5,5,1,11,2,0,0.18181818181818182,0.18181818181818182,1,,,61077,74,61003,52903,0,2,2,1,1,40,50,1398585167524,60,0,0,0,0,0,0,0,10023,0,0,0,0,0,0,0,0,0,3,00001010000,0.15,0,0,0,0,0,0,0,0,0,0,0,0,0,0,0,0,0,0,0,0,/home/jeshkracht/evosuite-report/data/statistics_com.allenstudio.ir.core.PluginManager-0.csv.gz,0,0,0,0,0,0,0,0,0,0,0,0,0,0,0,0,0,0,0,0.18181818181818182,0.18181818181818182,0.18181818181818182,0.18181818181818182,0.18181818181818182,0.18181818181818182,0.18181818181818182,0.18181818181818182,0.18181818181818182,0.18181818181818182
com.allenstudio.ir.core.plugins.AbstractNote,0,0,0,4,4,3,3,4,3,13494,0.75,0.75,2,,,61123,119,61004,16377,0,2,28,2,4,40,50,1398585282499,60,0,0,0,0,26,0,0,0,0,1,0,0,0,0,0,0,0,7,1011,0.8,0,0,0,0,0,0,0,0,0,0,0,0,0,0,0,0,0,0,0,0,/home/jeshkracht/evosuite-report/data/statistics_com.allenstudio.ir.core.plugins.AbstractNote-0.csv.gz,0,0,0,0,0,0,0,0,0,0,0,0,0,0,0,0,0,0,0,0.75,0.75,0.75,0.75,0.75,0.75,0.75,0.75,0.75,0.75
com.allenstudio.ir.core.plugins.CommonNote,2,4,1,7,6,7,6,10,7,7486,0.7,0.7,2,,,61448,192,61256,17788,0,3,21,2,3,40,50,1398585405421,60,0,0,0,0,12,0,0,0,0,1,0,0,0,0,0,0,0,7,1111111000,0.23529411764705882,0,0,0,0,0,0,0,0,0,0,0,0,0,0,0,0,0,0,0,0,/home/jeshkracht/evosuite-report/data/statistics_com.allenstudio.ir.core.plugins.CommonNote-0.csv.gz,0,0,0,0,0,0,0,0,0,0,0,0,0,0,0,0,0,0,0,0.7,0.7,0.7,0.7,0.7,0.7,0.7,0.7,0.7,0.7
com.allenstudio.ir.core.plugins.CommonNoteModel,0,0,0,4,4,4,4,4,4,5112,1.0,1.0,3,,,1584,119,1465,942,0,1,5,3,6,40,50,1398585530093,60,0,0,0,0,0,0,0,0,0,0,0,0,0,0,0,0,0,3,1111,0.4444444444444444,0,0,0,0,0,0,0,0,0,0,0,0,0,0,0,0,0,0,0,0,/home/jeshkracht/evosuite-report/data/statistics_com.allenstudio.ir.core.plugins.CommonNoteModel-0.csv.gz,0,0,0,0,0,0,0,0,0,0,0,0,0,0,0,0,0,0,0,1.0,1.0,1.0,1.0,1.0,1.0,1.0,1.0,1.0,1.0
com.allenstudio.ir.event.DateChooserEvent,0,0,0,3,3,3,3,3,3,2734,1.0,1.0,2,,,13205,539,12666,1044,0,2,44,2,6,40,50,1398585584910,60,0,0,0,0,0,0,0,0,0,0,0,0,0,0,0,0,0,3,111,0.25,0,0,0,0,0,0,0,0,0,0,0,0,0,0,0,0,0,0,0,0,/home/jeshkracht/evosuite-report/data/statistics_com.allenstudio.ir.event.DateChooserEvent-0.csv.gz,0,0,0,0,0,0,0,0,0,0,0,0,0,0,0,0,0,0,0,1.0,1.0,1.0,1.0,1.0,1.0,1.0,1.0,1.0,1.0
com.allenstudio.ir.event.NoteListDataEvent,0,0,0,3,3,3,3,3,3,3384,1.0,1.0,2,,,1930,119,1811,884,0,1,8,2,6,40,50,1398585652596,60,0,0,0,0,0,0,0,0,0,0,0,0,0,0,0,0,0,3,111,0.85,0,0,0,0,0,0,0,0,0,0,0,0,0,0,0,0,0,0,0,0,/home/jeshkracht/evosuite-report/data/statistics_com.allenstudio.ir.event.NoteListDataEvent-0.csv.gz,0,0,0,0,0,0,0,0,0,0,0,0,0,0,0,0,0,0,0,1.0,1.0,1.0,1.0,1.0,1.0,1.0,1.0,1.0,1.0
com.allenstudio.ir.event.NoteListEvent,0,0,0,2,2,2,2,2,2,4572,1.0,1.0,1,,,2832,63,2769,618,0,3,28,1,3,40,50,1398585705658,60,0,0,0,0,0,0,0,0,0,0,0,0,0,0,0,0,0,3,11,1.0,0,0,0,0,0,0,0,0,0,0,0,0,0,0,0,0,0,0,0,0,/home/jeshkracht/evosuite-report/data/statistics_com.allenstudio.ir.event.NoteListEvent-0.csv.gz,0,0,0,0,0,0,0,0,0,0,0,0,0,0,0,0,0,0,0,1.0,1.0,1.0,1.0,1.0,1.0,1.0,1.0,1.0,1.0
com.allenstudio.ir.ui.DefaultNoteListModel,1,2,1,31,30,31,30,32,31,15377,0.96875,0.96875,28,,,63401,2396,61005,19006,0,15,183,28,64,40,50,1398585764249,60,0,0,0,0,1,0,0,0,0,1,0,0,0,0,0,0,0,5,11111111111111111111111111111110,0.14473684210526316,0,0,14,4,0,0,0,0,0,0,0,0,0,0,0,0,0,0,0,0,/home/jeshkracht/evosuite-report/data/statistics_com.allenstudio.ir.ui.DefaultNoteListModel-0.csv.gz,0,0,0,0,0,0,0,0,0,0,0,0,0,0,0,0,0,0,0,0.96875,0.96875,0.96875,0.96875,0.96875,0.96875,0.96875,0.96875,0.96875,0.96875
com.allenstudio.ir.ui.MainMenu,13,26,19,4,1,4,1,27,20,9944,0.7407407407407407,0.7407407407407407,1,,,61326,134,61192,20640,0,1,5,1,2,40,50,1398585897598,60,0,0,0,0,9,0,0,15,0,1,0,0,0,0,0,0,0,7,101110101111101111101110101,0.2619047619047619,0,0,0,0,0,0,0,0,0,0,0,0,0,0,0,0,0,0,0,0,/home/jeshkracht/evosuite-report/data/statistics_com.allenstudio.ir.ui.MainMenu-0.csv.gz,0,0,0,0,0,0,0,0,0,0,0,0,0,0,0,0,0,0,0,0.7407407407407407,0.7407407407407407,0.7407407407407407,0.7407407407407407,0.7407407407407407,0.7407407407407407,0.7407407407407407,0.7407407407407407,0.7407407407407407,0.7407407407407407
com.allenstudio.ir.ui.NoteList,13,26,6,23,12,7,3,38,9,4450,0.23684210526315788,0.23684210526315788,3,,,66334,2749,63585,19800,0,8,162,3,8,40,50,1398586023039,60,0,0,0,0,19,0,0,0,0,1,0,0,0,0,0,0,0,7,00000010101000010000001010001110000000,0.4106280193236715,0,0,0,0,0,0,0,0,0,0,0,0,0,0,0,0,0,0,0,0,/home/jeshkracht/evosuite-report/data/statistics_com.allenstudio.ir.ui.NoteList-0.csv.gz,0,0,0,0,0,0,0,0,0,0,0,0,0,0,0,0,0,0,0,0.23684210526315788,0.23684210526315788,0.23684210526315788,0.23684210526315788,0.23684210526315788,0.23684210526315788,0.23684210526315788,0.23684210526315788,0.23684210526315788,0.23684210526315788
com.allenstudio.ir.ui.NoteListCell,14,28,2,25,17,13,11,45,13,11369,0.28888888888888886,0.28888888888888886,5,,,63055,2035,61020,19606,0,4,66,5,15,40,50,1398586159089,60,0,0,0,0,5,0,0,0,0,1,0,0,0,0,0,0,0,7,010000000000000111111110100110010000000000000,0.3246268656716418,0,0,1,1,0,0,0,0,0,0,0,0,0,0,0,0,0,0,0,0,/home/jeshkracht/evosuite-report/data/statistics_com.allenstudio.ir.ui.NoteListCell-0.csv.gz,0,0,0,0,0,0,0,0,0,0,0,0,0,0,0,0,0,0,0,0.28888888888888886,0.28888888888888886,0.28888888888888886,0.28888888888888886,0.28888888888888886,0.28888888888888886,0.28888888888888886,0.28888888888888886,0.28888888888888886,0.28888888888888886
com.allenstudio.ir.ui.NoteListsTabPane,1,2,0,5,4,3,2,6,2,37,0.3333333333333333,0.3333333333333333,1,,,61256,88,61168,16334,0,1,1,1,1,40,50,1398586292658,60,0,0,0,0,1,0,0,644,0,1,0,0,0,0,0,0,0,7,100100,0.0,0,0,0,0,0,0,0,0,0,0,0,0,0,0,0,0,0,0,0,0,/home/jeshkracht/evosuite-report/data/statistics_com.allenstudio.ir.ui.NoteListsTabPane-0.csv.gz,0,0,0,0,0,0,0,0,0,0,0,0,0,0,0,0,0,0,0,0.3333333333333333,0.3333333333333333,0.3333333333333333,0.3333333333333333,0.3333333333333333,0.3333333333333333,0.3333333333333333,0.3333333333333333,0.3333333333333333,0.3333333333333333
com.allenstudio.ir.ui.StatusBar,0,0,0,3,3,3,3,3,3,2487,1.0,1.0,1,,,39824,657,39167,12217,0,3,73,1,2,40,50,1398586420747,60,0,0,0,0,6,0,0,1,0,1,0,0,0,0,0,0,0,5,111,0.5,0,0,0,0,0,0,0,0,0,0,0,0,0,0,0,0,0,0,0,0,/home/jeshkracht/evosuite-report/data/statistics_com.allenstudio.ir.ui.StatusBar-0.csv.gz,0,0,0,0,0,0,0,0,0,0,0,0,0,0,0,0,0,0,0,1.0,1.0,1.0,1.0,1.0,1.0,1.0,1.0,1.0,1.0
com.allenstudio.ir.ui.Toolbar,3,6,4,2,1,2,1,7,5,5948,0.7142857142857143,0.7142857142857143,1,,,61111,41,61070,16759,0,1,1,1,1,40,50,1398586523551,60,0,0,0,0,8,0,0,0,0,1,0,0,0,0,0,0,0,5,1110101,0.5845070422535211,0,0,0,0,0,0,0,0,0,0,0,0,0,0,0,0,0,0,0,0,/home/jeshkracht/evosuite-report/data/statistics_com.allenstudio.ir.ui.Toolbar-0.csv.gz,0,0,0,0,0,0,0,0,0,0,0,0,0,0,0,0,0,0,0,0.7142857142857143,0.7142857142857143,0.7142857142857143,0.7142857142857143,0.7142857142857143,0.7142857142857143,0.7142857142857143,0.7142857142857143,0.7142857142857143,0.7142857142857143
com.allenstudio.ir.ui.UIResources,0,0,0,2,2,2,2,2,2,554,1.0,1.0,2,,,1201,133,1068,511,0,2,15,2,2,40,50,1398586648108,60,0,0,0,0,0,0,0,0,0,0,0,0,0,0,0,0,0,3,11,0.0,0,0,1,1,0,0,0,0,0,0,0,0,0,0,0,0,0,0,0,0,/home/jeshkracht/evosuite-report/data/statistics_com.allenstudio.ir.ui.UIResources-0.csv.gz,0,0,0,0,0,0,0,0,0,0,0,0,0,0,0,0,0,0,0,1.0,1.0,1.0,1.0,1.0,1.0,1.0,1.0,1.0,1.0
com.allenstudio.ir.ui.action.ActionsManager,1,2,0,1,0,0,0,2,0,0,0.0,0.0,0,,,61064,61,61003,714,0,9,0,0,0,40,50,1398586701196,60,0,0,0,0,0,0,0,0,0,0,0,0,0,0,0,0,0,3,00,1.0,0,0,0,0,0,0,0,0,0,0,0,0,0,0,0,0,0,0,0,0,/home/jeshkracht/evosuite-report/data/statistics_com.allenstudio.ir.ui.action.ActionsManager-0.csv.gz,0,0,0,0,0,0,0,0,0,0,0,0,0,0,0,0,0,0,0,0.0,0.0,0.0,0.0,0.0,0.0,0.0,0.0,0.0,0.0
com.allenstudio.ir.ui.calendar.DateChooser,4,8,4,21,17,14,12,25,16,6984,0.64,0.64,4,,,62630,1496,61134,23963,0,5,66,4,8,40,50,1398586813550,60,0,0,0,0,11,0,0,0,0,1,0,0,0,0,0,0,0,7,1111111111110000100101010,0.26373626373626374,0,0,0,0,0,0,0,0,0,0,0,0,0,0,0,0,0,0,0,0,/home/jeshkracht/evosuite-report/data/statistics_com.allenstudio.ir.ui.calendar.DateChooser-0.csv.gz,0,0,0,0,0,0,0,0,0,0,0,0,0,0,0,0,0,0,0,0.64,0.64,0.64,0.64,0.64,0.64,0.64,0.64,0.64,0.64
com.allenstudio.ir.ui.calendar.MonthlyCalendar,60,120,29,50,30,19,7,150,36,16583,0.24,0.24,12,,,65586,4561,61025,14657,1,6,205,12,32,40,50,1398586945659,60,0,0,0,0,29,0,0,282,0,1,0,0,0,0,0,0,0,5,000000001000011100000011000100100010000000000000000000000000000000000000000010111001111111100000101001000110010100010001100110000010000000000001010000,0.09026798307475317,1,1,0,0,0,0,0,0,0,0,0,0,0,0,0,0,0,0,0,0,/home/jeshkracht/evosuite-report/data/statistics_com.allenstudio.ir.ui.calendar.MonthlyCalendar-0.csv.gz,0,0,0,0,0,0,0,0,0,0,0,0,0,0,0,0,0,0,0,0.24,0.24,0.24,0.24,0.24,0.24,0.24,0.24,0.24,0.24
com.allenstudio.ir.ui.calendar.MonthlyCalendarModel,2,4,2,5,3,5,3,7,5,156949,0.7142857142857143,0.7142857142857143,4,,,61163,162,61001,48377,0,1,8,4,8,40,50,1398587112095,60,0,0,0,0,0,0,0,0,0,0,0,0,0,0,0,0,0,3,1110101,0.17647058823529413,0,0,0,0,0,0,0,0,0,0,0,0,0,0,0,0,0,0,0,0,/home/jeshkracht/evosuite-report/data/statistics_com.allenstudio.ir.ui.calendar.MonthlyCalendarModel-0.csv.gz,0,0,0,0,0,0,0,0,0,0,0,0,0,0,0,0,0,0,0,0.7142857142857143,0.7142857142857143,0.7142857142857143,0.7142857142857143,0.7142857142857143,0.7142857142857143,0.7142857142857143,0.7142857142857143,0.7142857142857143,0.7142857142857143
com.allenstudio.ir.util.InspirentoUtilities,6,12,12,5,2,5,2,14,14,2403,1.0,1.0,5,,,9235,774,8461,1005,0,6,96,5,7,40,50,1398587224713,60,0,0,0,0,0,0,0,0,0,0,0,0,0,0,0,0,0,3,11111111111111,0.4,0,0,0,0,0,0,0,0,0,0,0,0,0,0,0,0,0,0,0,0,/home/jeshkracht/evosuite-report/data/statistics_com.allenstudio.ir.util.InspirentoUtilities-0.csv.gz,0,0,0,0,0,0,0,0,0,0,0,0,0,0,0,0,0,0,0,1.0,1.0,1.0,1.0,1.0,1.0,1.0,1.0,1.0,1.0
com.allenstudio.ir.util.XmlElement,35,70,61,36,25,36,25,95,86,55791,0.9052631578947369,0.9052631578947369,30,,,76009,14996,61013,17811,0,11,254,30,84,40,50,1398587330705,60,0,0,0,0,0,0,0,0,0,0,0,0,0,0,0,0,0,3,11111111111111111111111110111110110111111101111010111111111111111111101111111111111111111111010,0.4894366197183099,0,0,3,1,0,0,0,0,0,0,0,0,0,0,0,0,0,0,0,0,/home/jeshkracht/evosuite-report/data/statistics_com.allenstudio.ir.util.XmlElement-0.csv.gz,0,0,0,0,0,0,0,0,0,0,0,0,0,0,0,0,0,0,0,0.9052631578947369,0.9052631578947369,0.9052631578947369,0.9052631578947369,0.9052631578947369,0.9052631578947369,0.9052631578947369,0.9052631578947369,0.9052631578947369,0.9052631578947369
com.allenstudio.ir.util.XmlIO,14,28,16,18,14,18,14,42,30,13115,0.7142857142857143,0.7142857142857143,13,,,65457,2628,62829,15104,0,10,242,13,41,40,50,1398587559782,60,0,0,0,0,11,0,0,2,0,2,0,0,0,0,0,0,0,5,111111111111111001011011111011000000011111,0.03435114503816794,0,0,7,3,0,0,0,0,0,0,0,0,0,0,0,0,0,0,0,0,/home/jeshkracht/evosuite-report/data/statistics_com.allenstudio.ir.util.XmlIO-0.csv.gz,0,0,0,0,0,0,0,0,0,0,0,0,0,0,0,0,0,0,0,0.7142857142857143,0.7142857142857143,0.7142857142857143,0.7142857142857143,0.7142857142857143,0.7142857142857143,0.7142857142857143,0.7142857142857143,0.7142857142857143,0.7142857142857143
